Copyright 1986-2022 Xilinx, Inc. All Rights Reserved. Copyright 2022-2024 Advanced Micro Devices, Inc. All Rights Reserved.
---------------------------------------------------------------------------------------------------------------------------------------------------------------------------------------------------------------------------------------------
| Tool Version : Vivado v.2024.2 (lin64) Build 5239630 Fri Nov 08 22:34:34 MST 2024
| Date         : Sat Aug 29 16:22:09 2026
| Host         : pcvalentina running 64-bit Ubuntu 24.04.3 LTS
| Command      : report_timing_summary -max_paths 10 -report_unconstrained -file breakout_vga_top_timing_summary_routed.rpt -pb breakout_vga_top_timing_summary_routed.pb -rpx breakout_vga_top_timing_summary_routed.rpx -warn_on_violation
| Design       : breakout_vga_top
| Device       : 7a35t-cpg236
| Speed File   : -1  PRODUCTION 1.23 2018-06-13
| Design State : Routed
---------------------------------------------------------------------------------------------------------------------------------------------------------------------------------------------------------------------------------------------

Timing Summary Report

------------------------------------------------------------------------------------------------
| Timer Settings
| --------------
------------------------------------------------------------------------------------------------

  Enable Multi Corner Analysis               :  Yes
  Enable Pessimism Removal                   :  Yes
  Pessimism Removal Resolution               :  Nearest Common Node
  Enable Input Delay Default Clock           :  No
  Enable Preset / Clear Arcs                 :  No
  Disable Flight Delays                      :  No
  Ignore I/O Paths                           :  No
  Timing Early Launch at Borrowing Latches   :  No
  Borrow Time for Max Delay Exceptions       :  Yes
  Merge Timing Exceptions                    :  Yes
  Inter-SLR Compensation                     :  Conservative

  Corner  Analyze    Analyze    
  Name    Max Paths  Min Paths  
  ------  ---------  ---------  
  Slow    Yes        Yes        
  Fast    Yes        Yes        


------------------------------------------------------------------------------------------------
| Report Methodology
| ------------------
------------------------------------------------------------------------------------------------

Rule       Severity  Description                    Violations  
---------  --------  -----------------------------  ----------  
TIMING-18  Warning   Missing input or output delay  28          

Note: This report is based on the most recent report_methodology run and may not be up-to-date. Run report_methodology on the current design for the latest report.



check_timing report

Table of Contents
-----------------
1. checking no_clock (0)
2. checking constant_clock (0)
3. checking pulse_width_clock (0)
4. checking unconstrained_internal_endpoints (0)
5. checking no_input_delay (7)
6. checking no_output_delay (21)
7. checking multiple_clock (0)
8. checking generated_clocks (0)
9. checking loops (0)
10. checking partial_input_delay (0)
11. checking partial_output_delay (0)
12. checking latch_loops (0)

1. checking no_clock (0)
------------------------
 There are 0 register/latch pins with no clock.


2. checking constant_clock (0)
------------------------------
 There are 0 register/latch pins with constant_clock.


3. checking pulse_width_clock (0)
---------------------------------
 There are 0 register/latch pins which need pulse_width check


4. checking unconstrained_internal_endpoints (0)
------------------------------------------------
 There are 0 pins that are not constrained for maximum delay.

 There are 0 pins that are not constrained for maximum delay due to constant clock.


5. checking no_input_delay (7)
------------------------------
 There are 7 input ports with no input delay specified. (HIGH)

 There are 0 input ports with no input delay but user has a false path constraint.


6. checking no_output_delay (21)
--------------------------------
 There are 21 ports with no output delay specified. (HIGH)

 There are 0 ports with no output delay but user has a false path constraint

 There are 0 ports with no output delay but with a timing clock defined on it or propagating through it


7. checking multiple_clock (0)
------------------------------
 There are 0 register/latch pins with multiple clocks.


8. checking generated_clocks (0)
--------------------------------
 There are 0 generated clocks that are not connected to a clock source.


9. checking loops (0)
---------------------
 There are 0 combinational loops in the design.


10. checking partial_input_delay (0)
------------------------------------
 There are 0 input ports with partial input delay specified.


11. checking partial_output_delay (0)
-------------------------------------
 There are 0 ports with partial output delay specified.


12. checking latch_loops (0)
----------------------------
 There are 0 combinational latch loops in the design through latch input



------------------------------------------------------------------------------------------------
| Design Timing Summary
| ---------------------
------------------------------------------------------------------------------------------------

    WNS(ns)      TNS(ns)  TNS Failing Endpoints  TNS Total Endpoints      WHS(ns)      THS(ns)  THS Failing Endpoints  THS Total Endpoints     WPWS(ns)     TPWS(ns)  TPWS Failing Endpoints  TPWS Total Endpoints  
    -------      -------  ---------------------  -------------------      -------      -------  ---------------------  -------------------     --------     --------  ----------------------  --------------------  
      5.817        0.000                      0                  189        0.197        0.000                      0                  189        4.500        0.000                       0                    99  


All user specified timing constraints are met.


------------------------------------------------------------------------------------------------
| Clock Summary
| -------------
------------------------------------------------------------------------------------------------

Clock        Waveform(ns)       Period(ns)      Frequency(MHz)
-----        ------------       ----------      --------------
sys_clk_pin  {0.000 5.000}      10.000          100.000         


------------------------------------------------------------------------------------------------
| Intra Clock Table
| -----------------
------------------------------------------------------------------------------------------------

Clock             WNS(ns)      TNS(ns)  TNS Failing Endpoints  TNS Total Endpoints      WHS(ns)      THS(ns)  THS Failing Endpoints  THS Total Endpoints     WPWS(ns)     TPWS(ns)  TPWS Failing Endpoints  TPWS Total Endpoints  
-----             -------      -------  ---------------------  -------------------      -------      -------  ---------------------  -------------------     --------     --------  ----------------------  --------------------  
sys_clk_pin         5.817        0.000                      0                  189        0.197        0.000                      0                  189        4.500        0.000                       0                    99  


------------------------------------------------------------------------------------------------
| Inter Clock Table
| -----------------
------------------------------------------------------------------------------------------------

From Clock    To Clock          WNS(ns)      TNS(ns)  TNS Failing Endpoints  TNS Total Endpoints      WHS(ns)      THS(ns)  THS Failing Endpoints  THS Total Endpoints  
----------    --------          -------      -------  ---------------------  -------------------      -------      -------  ---------------------  -------------------  


------------------------------------------------------------------------------------------------
| Other Path Groups Table
| -----------------------
------------------------------------------------------------------------------------------------

Path Group    From Clock    To Clock          WNS(ns)      TNS(ns)  TNS Failing Endpoints  TNS Total Endpoints      WHS(ns)      THS(ns)  THS Failing Endpoints  THS Total Endpoints  
----------    ----------    --------          -------      -------  ---------------------  -------------------      -------      -------  ---------------------  -------------------  


------------------------------------------------------------------------------------------------
| User Ignored Path Table
| -----------------------
------------------------------------------------------------------------------------------------

Path Group    From Clock    To Clock    
----------    ----------    --------    


------------------------------------------------------------------------------------------------
| Unconstrained Path Table
| ------------------------
------------------------------------------------------------------------------------------------

Path Group    From Clock    To Clock    
----------    ----------    --------    
(none)        sys_clk_pin                 
(none)                      sys_clk_pin   


------------------------------------------------------------------------------------------------
| Timing Details
| --------------
------------------------------------------------------------------------------------------------


---------------------------------------------------------------------------------------------------
From Clock:  sys_clk_pin
  To Clock:  sys_clk_pin

Setup :            0  Failing Endpoints,  Worst Slack        5.817ns,  Total Violation        0.000ns
Hold  :            0  Failing Endpoints,  Worst Slack        0.197ns,  Total Violation        0.000ns
PW    :            0  Failing Endpoints,  Worst Slack        4.500ns,  Total Violation        0.000ns
---------------------------------------------------------------------------------------------------


Max Delay Paths
--------------------------------------------------------------------------------------
Slack (MET) :             5.817ns  (required time - arrival time)
  Source:                 x_scan_reg[0]/C
                            (rising edge-triggered cell FDRE clocked by sys_clk_pin  {rise@0.000ns fall@5.000ns period=10.000ns})
  Destination:            y_scan_reg[5]/R
                            (rising edge-triggered cell FDRE clocked by sys_clk_pin  {rise@0.000ns fall@5.000ns period=10.000ns})
  Path Group:             sys_clk_pin
  Path Type:              Setup (Max at Slow Process Corner)
  Requirement:            10.000ns  (sys_clk_pin rise@10.000ns - sys_clk_pin rise@0.000ns)
  Data Path Delay:        3.680ns  (logic 0.966ns (26.250%)  route 2.714ns (73.750%))
  Logic Levels:           3  (LUT4=1 LUT5=1 LUT6=1)
  Clock Path Skew:        -0.039ns (DCD - SCD + CPR)
    Destination Clock Delay (DCD):    4.852ns = ( 14.852 - 10.000 ) 
    Source Clock Delay      (SCD):    5.151ns
    Clock Pessimism Removal (CPR):    0.260ns
  Clock Uncertainty:      0.035ns  ((TSJ^2 + TIJ^2)^1/2 + DJ) / 2 + PE
    Total System Jitter     (TSJ):    0.071ns
    Total Input Jitter      (TIJ):    0.000ns
    Discrete Jitter          (DJ):    0.000ns
    Phase Error              (PE):    0.000ns

    Location             Delay type                Incr(ns)  Path(ns)    Netlist Resource(s)
  -------------------------------------------------------------------    -------------------
                         (clock sys_clk_pin rise edge)
                                                      0.000     0.000 r  
    W5                                                0.000     0.000 r  clk (IN)
                         net (fo=0)                   0.000     0.000    clk
    W5                   IBUF (Prop_ibuf_I_O)         1.458     1.458 r  clk_IBUF_inst/O
                         net (fo=1, routed)           1.967     3.425    clk_IBUF
    BUFGCTRL_X0Y0        BUFG (Prop_bufg_I_O)         0.096     3.521 r  clk_IBUF_BUFG_inst/O
                         net (fo=98, routed)          1.630     5.151    clk_IBUF_BUFG
    SLICE_X5Y14          FDRE                                         r  x_scan_reg[0]/C
  -------------------------------------------------------------------    -------------------
    SLICE_X5Y14          FDRE (Prop_fdre_C_Q)         0.419     5.570 r  x_scan_reg[0]/Q
                         net (fo=10, routed)          1.321     6.891    x_scan_reg_n_0_[0]
    SLICE_X6Y16          LUT5 (Prop_lut5_I3_O)        0.299     7.190 f  x_scan[9]_i_4/O
                         net (fo=6, routed)           0.601     7.791    x_scan[9]_i_4_n_0
    SLICE_X5Y15          LUT6 (Prop_lut6_I2_O)        0.124     7.915 r  y_scan[9]_i_2/O
                         net (fo=11, routed)          0.452     8.368    y_scan[9]_i_2_n_0
    SLICE_X3Y16          LUT4 (Prop_lut4_I0_O)        0.124     8.492 r  y_scan[9]_i_1/O
                         net (fo=3, routed)           0.340     8.831    y_scan[9]_i_1_n_0
    SLICE_X3Y17          FDRE                                         r  y_scan_reg[5]/R
  -------------------------------------------------------------------    -------------------

                         (clock sys_clk_pin rise edge)
                                                     10.000    10.000 r  
    W5                                                0.000    10.000 r  clk (IN)
                         net (fo=0)                   0.000    10.000    clk
    W5                   IBUF (Prop_ibuf_I_O)         1.388    11.388 r  clk_IBUF_inst/O
                         net (fo=1, routed)           1.862    13.250    clk_IBUF
    BUFGCTRL_X0Y0        BUFG (Prop_bufg_I_O)         0.091    13.341 r  clk_IBUF_BUFG_inst/O
                         net (fo=98, routed)          1.511    14.852    clk_IBUF_BUFG
    SLICE_X3Y17          FDRE                                         r  y_scan_reg[5]/C
                         clock pessimism              0.260    15.112    
                         clock uncertainty           -0.035    15.077    
    SLICE_X3Y17          FDRE (Setup_fdre_C_R)       -0.429    14.648    y_scan_reg[5]
  -------------------------------------------------------------------
                         required time                         14.648    
                         arrival time                          -8.831    
  -------------------------------------------------------------------
                         slack                                  5.817    

Slack (MET) :             5.817ns  (required time - arrival time)
  Source:                 x_scan_reg[0]/C
                            (rising edge-triggered cell FDRE clocked by sys_clk_pin  {rise@0.000ns fall@5.000ns period=10.000ns})
  Destination:            y_scan_reg[8]/R
                            (rising edge-triggered cell FDRE clocked by sys_clk_pin  {rise@0.000ns fall@5.000ns period=10.000ns})
  Path Group:             sys_clk_pin
  Path Type:              Setup (Max at Slow Process Corner)
  Requirement:            10.000ns  (sys_clk_pin rise@10.000ns - sys_clk_pin rise@0.000ns)
  Data Path Delay:        3.680ns  (logic 0.966ns (26.250%)  route 2.714ns (73.750%))
  Logic Levels:           3  (LUT4=1 LUT5=1 LUT6=1)
  Clock Path Skew:        -0.039ns (DCD - SCD + CPR)
    Destination Clock Delay (DCD):    4.852ns = ( 14.852 - 10.000 ) 
    Source Clock Delay      (SCD):    5.151ns
    Clock Pessimism Removal (CPR):    0.260ns
  Clock Uncertainty:      0.035ns  ((TSJ^2 + TIJ^2)^1/2 + DJ) / 2 + PE
    Total System Jitter     (TSJ):    0.071ns
    Total Input Jitter      (TIJ):    0.000ns
    Discrete Jitter          (DJ):    0.000ns
    Phase Error              (PE):    0.000ns

    Location             Delay type                Incr(ns)  Path(ns)    Netlist Resource(s)
  -------------------------------------------------------------------    -------------------
                         (clock sys_clk_pin rise edge)
                                                      0.000     0.000 r  
    W5                                                0.000     0.000 r  clk (IN)
                         net (fo=0)                   0.000     0.000    clk
    W5                   IBUF (Prop_ibuf_I_O)         1.458     1.458 r  clk_IBUF_inst/O
                         net (fo=1, routed)           1.967     3.425    clk_IBUF
    BUFGCTRL_X0Y0        BUFG (Prop_bufg_I_O)         0.096     3.521 r  clk_IBUF_BUFG_inst/O
                         net (fo=98, routed)          1.630     5.151    clk_IBUF_BUFG
    SLICE_X5Y14          FDRE                                         r  x_scan_reg[0]/C
  -------------------------------------------------------------------    -------------------
    SLICE_X5Y14          FDRE (Prop_fdre_C_Q)         0.419     5.570 r  x_scan_reg[0]/Q
                         net (fo=10, routed)          1.321     6.891    x_scan_reg_n_0_[0]
    SLICE_X6Y16          LUT5 (Prop_lut5_I3_O)        0.299     7.190 f  x_scan[9]_i_4/O
                         net (fo=6, routed)           0.601     7.791    x_scan[9]_i_4_n_0
    SLICE_X5Y15          LUT6 (Prop_lut6_I2_O)        0.124     7.915 r  y_scan[9]_i_2/O
                         net (fo=11, routed)          0.452     8.368    y_scan[9]_i_2_n_0
    SLICE_X3Y16          LUT4 (Prop_lut4_I0_O)        0.124     8.492 r  y_scan[9]_i_1/O
                         net (fo=3, routed)           0.340     8.831    y_scan[9]_i_1_n_0
    SLICE_X3Y17          FDRE                                         r  y_scan_reg[8]/R
  -------------------------------------------------------------------    -------------------

                         (clock sys_clk_pin rise edge)
                                                     10.000    10.000 r  
    W5                                                0.000    10.000 r  clk (IN)
                         net (fo=0)                   0.000    10.000    clk
    W5                   IBUF (Prop_ibuf_I_O)         1.388    11.388 r  clk_IBUF_inst/O
                         net (fo=1, routed)           1.862    13.250    clk_IBUF
    BUFGCTRL_X0Y0        BUFG (Prop_bufg_I_O)         0.091    13.341 r  clk_IBUF_BUFG_inst/O
                         net (fo=98, routed)          1.511    14.852    clk_IBUF_BUFG
    SLICE_X3Y17          FDRE                                         r  y_scan_reg[8]/C
                         clock pessimism              0.260    15.112    
                         clock uncertainty           -0.035    15.077    
    SLICE_X3Y17          FDRE (Setup_fdre_C_R)       -0.429    14.648    y_scan_reg[8]
  -------------------------------------------------------------------
                         required time                         14.648    
                         arrival time                          -8.831    
  -------------------------------------------------------------------
                         slack                                  5.817    

Slack (MET) :             5.817ns  (required time - arrival time)
  Source:                 x_scan_reg[0]/C
                            (rising edge-triggered cell FDRE clocked by sys_clk_pin  {rise@0.000ns fall@5.000ns period=10.000ns})
  Destination:            y_scan_reg[9]/R
                            (rising edge-triggered cell FDRE clocked by sys_clk_pin  {rise@0.000ns fall@5.000ns period=10.000ns})
  Path Group:             sys_clk_pin
  Path Type:              Setup (Max at Slow Process Corner)
  Requirement:            10.000ns  (sys_clk_pin rise@10.000ns - sys_clk_pin rise@0.000ns)
  Data Path Delay:        3.680ns  (logic 0.966ns (26.250%)  route 2.714ns (73.750%))
  Logic Levels:           3  (LUT4=1 LUT5=1 LUT6=1)
  Clock Path Skew:        -0.039ns (DCD - SCD + CPR)
    Destination Clock Delay (DCD):    4.852ns = ( 14.852 - 10.000 ) 
    Source Clock Delay      (SCD):    5.151ns
    Clock Pessimism Removal (CPR):    0.260ns
  Clock Uncertainty:      0.035ns  ((TSJ^2 + TIJ^2)^1/2 + DJ) / 2 + PE
    Total System Jitter     (TSJ):    0.071ns
    Total Input Jitter      (TIJ):    0.000ns
    Discrete Jitter          (DJ):    0.000ns
    Phase Error              (PE):    0.000ns

    Location             Delay type                Incr(ns)  Path(ns)    Netlist Resource(s)
  -------------------------------------------------------------------    -------------------
                         (clock sys_clk_pin rise edge)
                                                      0.000     0.000 r  
    W5                                                0.000     0.000 r  clk (IN)
                         net (fo=0)                   0.000     0.000    clk
    W5                   IBUF (Prop_ibuf_I_O)         1.458     1.458 r  clk_IBUF_inst/O
                         net (fo=1, routed)           1.967     3.425    clk_IBUF
    BUFGCTRL_X0Y0        BUFG (Prop_bufg_I_O)         0.096     3.521 r  clk_IBUF_BUFG_inst/O
                         net (fo=98, routed)          1.630     5.151    clk_IBUF_BUFG
    SLICE_X5Y14          FDRE                                         r  x_scan_reg[0]/C
  -------------------------------------------------------------------    -------------------
    SLICE_X5Y14          FDRE (Prop_fdre_C_Q)         0.419     5.570 r  x_scan_reg[0]/Q
                         net (fo=10, routed)          1.321     6.891    x_scan_reg_n_0_[0]
    SLICE_X6Y16          LUT5 (Prop_lut5_I3_O)        0.299     7.190 f  x_scan[9]_i_4/O
                         net (fo=6, routed)           0.601     7.791    x_scan[9]_i_4_n_0
    SLICE_X5Y15          LUT6 (Prop_lut6_I2_O)        0.124     7.915 r  y_scan[9]_i_2/O
                         net (fo=11, routed)          0.452     8.368    y_scan[9]_i_2_n_0
    SLICE_X3Y16          LUT4 (Prop_lut4_I0_O)        0.124     8.492 r  y_scan[9]_i_1/O
                         net (fo=3, routed)           0.340     8.831    y_scan[9]_i_1_n_0
    SLICE_X3Y17          FDRE                                         r  y_scan_reg[9]/R
  -------------------------------------------------------------------    -------------------

                         (clock sys_clk_pin rise edge)
                                                     10.000    10.000 r  
    W5                                                0.000    10.000 r  clk (IN)
                         net (fo=0)                   0.000    10.000    clk
    W5                   IBUF (Prop_ibuf_I_O)         1.388    11.388 r  clk_IBUF_inst/O
                         net (fo=1, routed)           1.862    13.250    clk_IBUF
    BUFGCTRL_X0Y0        BUFG (Prop_bufg_I_O)         0.091    13.341 r  clk_IBUF_BUFG_inst/O
                         net (fo=98, routed)          1.511    14.852    clk_IBUF_BUFG
    SLICE_X3Y17          FDRE                                         r  y_scan_reg[9]/C
                         clock pessimism              0.260    15.112    
                         clock uncertainty           -0.035    15.077    
    SLICE_X3Y17          FDRE (Setup_fdre_C_R)       -0.429    14.648    y_scan_reg[9]
  -------------------------------------------------------------------
                         required time                         14.648    
                         arrival time                          -8.831    
  -------------------------------------------------------------------
                         slack                                  5.817    

Slack (MET) :             5.975ns  (required time - arrival time)
  Source:                 x_scan_reg[0]/C
                            (rising edge-triggered cell FDRE clocked by sys_clk_pin  {rise@0.000ns fall@5.000ns period=10.000ns})
  Destination:            x_scan_reg[4]/R
                            (rising edge-triggered cell FDRE clocked by sys_clk_pin  {rise@0.000ns fall@5.000ns period=10.000ns})
  Path Group:             sys_clk_pin
  Path Type:              Setup (Max at Slow Process Corner)
  Requirement:            10.000ns  (sys_clk_pin rise@10.000ns - sys_clk_pin rise@0.000ns)
  Data Path Delay:        3.439ns  (logic 0.842ns (24.484%)  route 2.597ns (75.516%))
  Logic Levels:           2  (LUT5=1 LUT6=1)
  Clock Path Skew:        -0.027ns (DCD - SCD + CPR)
    Destination Clock Delay (DCD):    4.851ns = ( 14.851 - 10.000 ) 
    Source Clock Delay      (SCD):    5.151ns
    Clock Pessimism Removal (CPR):    0.273ns
  Clock Uncertainty:      0.035ns  ((TSJ^2 + TIJ^2)^1/2 + DJ) / 2 + PE
    Total System Jitter     (TSJ):    0.071ns
    Total Input Jitter      (TIJ):    0.000ns
    Discrete Jitter          (DJ):    0.000ns
    Phase Error              (PE):    0.000ns

    Location             Delay type                Incr(ns)  Path(ns)    Netlist Resource(s)
  -------------------------------------------------------------------    -------------------
                         (clock sys_clk_pin rise edge)
                                                      0.000     0.000 r  
    W5                                                0.000     0.000 r  clk (IN)
                         net (fo=0)                   0.000     0.000    clk
    W5                   IBUF (Prop_ibuf_I_O)         1.458     1.458 r  clk_IBUF_inst/O
                         net (fo=1, routed)           1.967     3.425    clk_IBUF
    BUFGCTRL_X0Y0        BUFG (Prop_bufg_I_O)         0.096     3.521 r  clk_IBUF_BUFG_inst/O
                         net (fo=98, routed)          1.630     5.151    clk_IBUF_BUFG
    SLICE_X5Y14          FDRE                                         r  x_scan_reg[0]/C
  -------------------------------------------------------------------    -------------------
    SLICE_X5Y14          FDRE (Prop_fdre_C_Q)         0.419     5.570 r  x_scan_reg[0]/Q
                         net (fo=10, routed)          1.321     6.891    x_scan_reg_n_0_[0]
    SLICE_X6Y16          LUT5 (Prop_lut5_I3_O)        0.299     7.190 f  x_scan[9]_i_4/O
                         net (fo=6, routed)           0.598     7.788    x_scan[9]_i_4_n_0
    SLICE_X5Y15          LUT6 (Prop_lut6_I1_O)        0.124     7.912 r  x_scan[9]_i_1/O
                         net (fo=9, routed)           0.678     8.590    x_scan[9]_i_1_n_0
    SLICE_X6Y16          FDRE                                         r  x_scan_reg[4]/R
  -------------------------------------------------------------------    -------------------

                         (clock sys_clk_pin rise edge)
                                                     10.000    10.000 r  
    W5                                                0.000    10.000 r  clk (IN)
                         net (fo=0)                   0.000    10.000    clk
    W5                   IBUF (Prop_ibuf_I_O)         1.388    11.388 r  clk_IBUF_inst/O
                         net (fo=1, routed)           1.862    13.250    clk_IBUF
    BUFGCTRL_X0Y0        BUFG (Prop_bufg_I_O)         0.091    13.341 r  clk_IBUF_BUFG_inst/O
                         net (fo=98, routed)          1.510    14.851    clk_IBUF_BUFG
    SLICE_X6Y16          FDRE                                         r  x_scan_reg[4]/C
                         clock pessimism              0.273    15.124    
                         clock uncertainty           -0.035    15.089    
    SLICE_X6Y16          FDRE (Setup_fdre_C_R)       -0.524    14.565    x_scan_reg[4]
  -------------------------------------------------------------------
                         required time                         14.565    
                         arrival time                          -8.590    
  -------------------------------------------------------------------
                         slack                                  5.975    

Slack (MET) :             5.975ns  (required time - arrival time)
  Source:                 x_scan_reg[0]/C
                            (rising edge-triggered cell FDRE clocked by sys_clk_pin  {rise@0.000ns fall@5.000ns period=10.000ns})
  Destination:            x_scan_reg[7]/R
                            (rising edge-triggered cell FDRE clocked by sys_clk_pin  {rise@0.000ns fall@5.000ns period=10.000ns})
  Path Group:             sys_clk_pin
  Path Type:              Setup (Max at Slow Process Corner)
  Requirement:            10.000ns  (sys_clk_pin rise@10.000ns - sys_clk_pin rise@0.000ns)
  Data Path Delay:        3.439ns  (logic 0.842ns (24.484%)  route 2.597ns (75.516%))
  Logic Levels:           2  (LUT5=1 LUT6=1)
  Clock Path Skew:        -0.027ns (DCD - SCD + CPR)
    Destination Clock Delay (DCD):    4.851ns = ( 14.851 - 10.000 ) 
    Source Clock Delay      (SCD):    5.151ns
    Clock Pessimism Removal (CPR):    0.273ns
  Clock Uncertainty:      0.035ns  ((TSJ^2 + TIJ^2)^1/2 + DJ) / 2 + PE
    Total System Jitter     (TSJ):    0.071ns
    Total Input Jitter      (TIJ):    0.000ns
    Discrete Jitter          (DJ):    0.000ns
    Phase Error              (PE):    0.000ns

    Location             Delay type                Incr(ns)  Path(ns)    Netlist Resource(s)
  -------------------------------------------------------------------    -------------------
                         (clock sys_clk_pin rise edge)
                                                      0.000     0.000 r  
    W5                                                0.000     0.000 r  clk (IN)
                         net (fo=0)                   0.000     0.000    clk
    W5                   IBUF (Prop_ibuf_I_O)         1.458     1.458 r  clk_IBUF_inst/O
                         net (fo=1, routed)           1.967     3.425    clk_IBUF
    BUFGCTRL_X0Y0        BUFG (Prop_bufg_I_O)         0.096     3.521 r  clk_IBUF_BUFG_inst/O
                         net (fo=98, routed)          1.630     5.151    clk_IBUF_BUFG
    SLICE_X5Y14          FDRE                                         r  x_scan_reg[0]/C
  -------------------------------------------------------------------    -------------------
    SLICE_X5Y14          FDRE (Prop_fdre_C_Q)         0.419     5.570 r  x_scan_reg[0]/Q
                         net (fo=10, routed)          1.321     6.891    x_scan_reg_n_0_[0]
    SLICE_X6Y16          LUT5 (Prop_lut5_I3_O)        0.299     7.190 f  x_scan[9]_i_4/O
                         net (fo=6, routed)           0.598     7.788    x_scan[9]_i_4_n_0
    SLICE_X5Y15          LUT6 (Prop_lut6_I1_O)        0.124     7.912 r  x_scan[9]_i_1/O
                         net (fo=9, routed)           0.678     8.590    x_scan[9]_i_1_n_0
    SLICE_X6Y16          FDRE                                         r  x_scan_reg[7]/R
  -------------------------------------------------------------------    -------------------

                         (clock sys_clk_pin rise edge)
                                                     10.000    10.000 r  
    W5                                                0.000    10.000 r  clk (IN)
                         net (fo=0)                   0.000    10.000    clk
    W5                   IBUF (Prop_ibuf_I_O)         1.388    11.388 r  clk_IBUF_inst/O
                         net (fo=1, routed)           1.862    13.250    clk_IBUF
    BUFGCTRL_X0Y0        BUFG (Prop_bufg_I_O)         0.091    13.341 r  clk_IBUF_BUFG_inst/O
                         net (fo=98, routed)          1.510    14.851    clk_IBUF_BUFG
    SLICE_X6Y16          FDRE                                         r  x_scan_reg[7]/C
                         clock pessimism              0.273    15.124    
                         clock uncertainty           -0.035    15.089    
    SLICE_X6Y16          FDRE (Setup_fdre_C_R)       -0.524    14.565    x_scan_reg[7]
  -------------------------------------------------------------------
                         required time                         14.565    
                         arrival time                          -8.590    
  -------------------------------------------------------------------
                         slack                                  5.975    

Slack (MET) :             5.975ns  (required time - arrival time)
  Source:                 x_scan_reg[0]/C
                            (rising edge-triggered cell FDRE clocked by sys_clk_pin  {rise@0.000ns fall@5.000ns period=10.000ns})
  Destination:            x_scan_reg[8]/R
                            (rising edge-triggered cell FDRE clocked by sys_clk_pin  {rise@0.000ns fall@5.000ns period=10.000ns})
  Path Group:             sys_clk_pin
  Path Type:              Setup (Max at Slow Process Corner)
  Requirement:            10.000ns  (sys_clk_pin rise@10.000ns - sys_clk_pin rise@0.000ns)
  Data Path Delay:        3.439ns  (logic 0.842ns (24.484%)  route 2.597ns (75.516%))
  Logic Levels:           2  (LUT5=1 LUT6=1)
  Clock Path Skew:        -0.027ns (DCD - SCD + CPR)
    Destination Clock Delay (DCD):    4.851ns = ( 14.851 - 10.000 ) 
    Source Clock Delay      (SCD):    5.151ns
    Clock Pessimism Removal (CPR):    0.273ns
  Clock Uncertainty:      0.035ns  ((TSJ^2 + TIJ^2)^1/2 + DJ) / 2 + PE
    Total System Jitter     (TSJ):    0.071ns
    Total Input Jitter      (TIJ):    0.000ns
    Discrete Jitter          (DJ):    0.000ns
    Phase Error              (PE):    0.000ns

    Location             Delay type                Incr(ns)  Path(ns)    Netlist Resource(s)
  -------------------------------------------------------------------    -------------------
                         (clock sys_clk_pin rise edge)
                                                      0.000     0.000 r  
    W5                                                0.000     0.000 r  clk (IN)
                         net (fo=0)                   0.000     0.000    clk
    W5                   IBUF (Prop_ibuf_I_O)         1.458     1.458 r  clk_IBUF_inst/O
                         net (fo=1, routed)           1.967     3.425    clk_IBUF
    BUFGCTRL_X0Y0        BUFG (Prop_bufg_I_O)         0.096     3.521 r  clk_IBUF_BUFG_inst/O
                         net (fo=98, routed)          1.630     5.151    clk_IBUF_BUFG
    SLICE_X5Y14          FDRE                                         r  x_scan_reg[0]/C
  -------------------------------------------------------------------    -------------------
    SLICE_X5Y14          FDRE (Prop_fdre_C_Q)         0.419     5.570 r  x_scan_reg[0]/Q
                         net (fo=10, routed)          1.321     6.891    x_scan_reg_n_0_[0]
    SLICE_X6Y16          LUT5 (Prop_lut5_I3_O)        0.299     7.190 f  x_scan[9]_i_4/O
                         net (fo=6, routed)           0.598     7.788    x_scan[9]_i_4_n_0
    SLICE_X5Y15          LUT6 (Prop_lut6_I1_O)        0.124     7.912 r  x_scan[9]_i_1/O
                         net (fo=9, routed)           0.678     8.590    x_scan[9]_i_1_n_0
    SLICE_X6Y16          FDRE                                         r  x_scan_reg[8]/R
  -------------------------------------------------------------------    -------------------

                         (clock sys_clk_pin rise edge)
                                                     10.000    10.000 r  
    W5                                                0.000    10.000 r  clk (IN)
                         net (fo=0)                   0.000    10.000    clk
    W5                   IBUF (Prop_ibuf_I_O)         1.388    11.388 r  clk_IBUF_inst/O
                         net (fo=1, routed)           1.862    13.250    clk_IBUF
    BUFGCTRL_X0Y0        BUFG (Prop_bufg_I_O)         0.091    13.341 r  clk_IBUF_BUFG_inst/O
                         net (fo=98, routed)          1.510    14.851    clk_IBUF_BUFG
    SLICE_X6Y16          FDRE                                         r  x_scan_reg[8]/C
                         clock pessimism              0.273    15.124    
                         clock uncertainty           -0.035    15.089    
    SLICE_X6Y16          FDRE (Setup_fdre_C_R)       -0.524    14.565    x_scan_reg[8]
  -------------------------------------------------------------------
                         required time                         14.565    
                         arrival time                          -8.590    
  -------------------------------------------------------------------
                         slack                                  5.975    

Slack (MET) :             5.975ns  (required time - arrival time)
  Source:                 x_scan_reg[0]/C
                            (rising edge-triggered cell FDRE clocked by sys_clk_pin  {rise@0.000ns fall@5.000ns period=10.000ns})
  Destination:            x_scan_reg[9]/R
                            (rising edge-triggered cell FDRE clocked by sys_clk_pin  {rise@0.000ns fall@5.000ns period=10.000ns})
  Path Group:             sys_clk_pin
  Path Type:              Setup (Max at Slow Process Corner)
  Requirement:            10.000ns  (sys_clk_pin rise@10.000ns - sys_clk_pin rise@0.000ns)
  Data Path Delay:        3.439ns  (logic 0.842ns (24.484%)  route 2.597ns (75.516%))
  Logic Levels:           2  (LUT5=1 LUT6=1)
  Clock Path Skew:        -0.027ns (DCD - SCD + CPR)
    Destination Clock Delay (DCD):    4.851ns = ( 14.851 - 10.000 ) 
    Source Clock Delay      (SCD):    5.151ns
    Clock Pessimism Removal (CPR):    0.273ns
  Clock Uncertainty:      0.035ns  ((TSJ^2 + TIJ^2)^1/2 + DJ) / 2 + PE
    Total System Jitter     (TSJ):    0.071ns
    Total Input Jitter      (TIJ):    0.000ns
    Discrete Jitter          (DJ):    0.000ns
    Phase Error              (PE):    0.000ns

    Location             Delay type                Incr(ns)  Path(ns)    Netlist Resource(s)
  -------------------------------------------------------------------    -------------------
                         (clock sys_clk_pin rise edge)
                                                      0.000     0.000 r  
    W5                                                0.000     0.000 r  clk (IN)
                         net (fo=0)                   0.000     0.000    clk
    W5                   IBUF (Prop_ibuf_I_O)         1.458     1.458 r  clk_IBUF_inst/O
                         net (fo=1, routed)           1.967     3.425    clk_IBUF
    BUFGCTRL_X0Y0        BUFG (Prop_bufg_I_O)         0.096     3.521 r  clk_IBUF_BUFG_inst/O
                         net (fo=98, routed)          1.630     5.151    clk_IBUF_BUFG
    SLICE_X5Y14          FDRE                                         r  x_scan_reg[0]/C
  -------------------------------------------------------------------    -------------------
    SLICE_X5Y14          FDRE (Prop_fdre_C_Q)         0.419     5.570 r  x_scan_reg[0]/Q
                         net (fo=10, routed)          1.321     6.891    x_scan_reg_n_0_[0]
    SLICE_X6Y16          LUT5 (Prop_lut5_I3_O)        0.299     7.190 f  x_scan[9]_i_4/O
                         net (fo=6, routed)           0.598     7.788    x_scan[9]_i_4_n_0
    SLICE_X5Y15          LUT6 (Prop_lut6_I1_O)        0.124     7.912 r  x_scan[9]_i_1/O
                         net (fo=9, routed)           0.678     8.590    x_scan[9]_i_1_n_0
    SLICE_X6Y16          FDRE                                         r  x_scan_reg[9]/R
  -------------------------------------------------------------------    -------------------

                         (clock sys_clk_pin rise edge)
                                                     10.000    10.000 r  
    W5                                                0.000    10.000 r  clk (IN)
                         net (fo=0)                   0.000    10.000    clk
    W5                   IBUF (Prop_ibuf_I_O)         1.388    11.388 r  clk_IBUF_inst/O
                         net (fo=1, routed)           1.862    13.250    clk_IBUF
    BUFGCTRL_X0Y0        BUFG (Prop_bufg_I_O)         0.091    13.341 r  clk_IBUF_BUFG_inst/O
                         net (fo=98, routed)          1.510    14.851    clk_IBUF_BUFG
    SLICE_X6Y16          FDRE                                         r  x_scan_reg[9]/C
                         clock pessimism              0.273    15.124    
                         clock uncertainty           -0.035    15.089    
    SLICE_X6Y16          FDRE (Setup_fdre_C_R)       -0.524    14.565    x_scan_reg[9]
  -------------------------------------------------------------------
                         required time                         14.565    
                         arrival time                          -8.590    
  -------------------------------------------------------------------
                         slack                                  5.975    

Slack (MET) :             6.110ns  (required time - arrival time)
  Source:                 x_scan_reg[0]/C
                            (rising edge-triggered cell FDRE clocked by sys_clk_pin  {rise@0.000ns fall@5.000ns period=10.000ns})
  Destination:            x_scan_reg[2]/R
                            (rising edge-triggered cell FDRE clocked by sys_clk_pin  {rise@0.000ns fall@5.000ns period=10.000ns})
  Path Group:             sys_clk_pin
  Path Type:              Setup (Max at Slow Process Corner)
  Requirement:            10.000ns  (sys_clk_pin rise@10.000ns - sys_clk_pin rise@0.000ns)
  Data Path Delay:        3.305ns  (logic 0.842ns (25.476%)  route 2.463ns (74.524%))
  Logic Levels:           2  (LUT5=1 LUT6=1)
  Clock Path Skew:        -0.026ns (DCD - SCD + CPR)
    Destination Clock Delay (DCD):    4.852ns = ( 14.852 - 10.000 ) 
    Source Clock Delay      (SCD):    5.151ns
    Clock Pessimism Removal (CPR):    0.273ns
  Clock Uncertainty:      0.035ns  ((TSJ^2 + TIJ^2)^1/2 + DJ) / 2 + PE
    Total System Jitter     (TSJ):    0.071ns
    Total Input Jitter      (TIJ):    0.000ns
    Discrete Jitter          (DJ):    0.000ns
    Phase Error              (PE):    0.000ns

    Location             Delay type                Incr(ns)  Path(ns)    Netlist Resource(s)
  -------------------------------------------------------------------    -------------------
                         (clock sys_clk_pin rise edge)
                                                      0.000     0.000 r  
    W5                                                0.000     0.000 r  clk (IN)
                         net (fo=0)                   0.000     0.000    clk
    W5                   IBUF (Prop_ibuf_I_O)         1.458     1.458 r  clk_IBUF_inst/O
                         net (fo=1, routed)           1.967     3.425    clk_IBUF
    BUFGCTRL_X0Y0        BUFG (Prop_bufg_I_O)         0.096     3.521 r  clk_IBUF_BUFG_inst/O
                         net (fo=98, routed)          1.630     5.151    clk_IBUF_BUFG
    SLICE_X5Y14          FDRE                                         r  x_scan_reg[0]/C
  -------------------------------------------------------------------    -------------------
    SLICE_X5Y14          FDRE (Prop_fdre_C_Q)         0.419     5.570 r  x_scan_reg[0]/Q
                         net (fo=10, routed)          1.321     6.891    x_scan_reg_n_0_[0]
    SLICE_X6Y16          LUT5 (Prop_lut5_I3_O)        0.299     7.190 f  x_scan[9]_i_4/O
                         net (fo=6, routed)           0.598     7.788    x_scan[9]_i_4_n_0
    SLICE_X5Y15          LUT6 (Prop_lut6_I1_O)        0.124     7.912 r  x_scan[9]_i_1/O
                         net (fo=9, routed)           0.544     8.456    x_scan[9]_i_1_n_0
    SLICE_X6Y15          FDRE                                         r  x_scan_reg[2]/R
  -------------------------------------------------------------------    -------------------

                         (clock sys_clk_pin rise edge)
                                                     10.000    10.000 r  
    W5                                                0.000    10.000 r  clk (IN)
                         net (fo=0)                   0.000    10.000    clk
    W5                   IBUF (Prop_ibuf_I_O)         1.388    11.388 r  clk_IBUF_inst/O
                         net (fo=1, routed)           1.862    13.250    clk_IBUF
    BUFGCTRL_X0Y0        BUFG (Prop_bufg_I_O)         0.091    13.341 r  clk_IBUF_BUFG_inst/O
                         net (fo=98, routed)          1.511    14.852    clk_IBUF_BUFG
    SLICE_X6Y15          FDRE                                         r  x_scan_reg[2]/C
                         clock pessimism              0.273    15.125    
                         clock uncertainty           -0.035    15.090    
    SLICE_X6Y15          FDRE (Setup_fdre_C_R)       -0.524    14.566    x_scan_reg[2]
  -------------------------------------------------------------------
                         required time                         14.566    
                         arrival time                          -8.456    
  -------------------------------------------------------------------
                         slack                                  6.110    

Slack (MET) :             6.110ns  (required time - arrival time)
  Source:                 x_scan_reg[0]/C
                            (rising edge-triggered cell FDRE clocked by sys_clk_pin  {rise@0.000ns fall@5.000ns period=10.000ns})
  Destination:            x_scan_reg[3]/R
                            (rising edge-triggered cell FDRE clocked by sys_clk_pin  {rise@0.000ns fall@5.000ns period=10.000ns})
  Path Group:             sys_clk_pin
  Path Type:              Setup (Max at Slow Process Corner)
  Requirement:            10.000ns  (sys_clk_pin rise@10.000ns - sys_clk_pin rise@0.000ns)
  Data Path Delay:        3.305ns  (logic 0.842ns (25.476%)  route 2.463ns (74.524%))
  Logic Levels:           2  (LUT5=1 LUT6=1)
  Clock Path Skew:        -0.026ns (DCD - SCD + CPR)
    Destination Clock Delay (DCD):    4.852ns = ( 14.852 - 10.000 ) 
    Source Clock Delay      (SCD):    5.151ns
    Clock Pessimism Removal (CPR):    0.273ns
  Clock Uncertainty:      0.035ns  ((TSJ^2 + TIJ^2)^1/2 + DJ) / 2 + PE
    Total System Jitter     (TSJ):    0.071ns
    Total Input Jitter      (TIJ):    0.000ns
    Discrete Jitter          (DJ):    0.000ns
    Phase Error              (PE):    0.000ns

    Location             Delay type                Incr(ns)  Path(ns)    Netlist Resource(s)
  -------------------------------------------------------------------    -------------------
                         (clock sys_clk_pin rise edge)
                                                      0.000     0.000 r  
    W5                                                0.000     0.000 r  clk (IN)
                         net (fo=0)                   0.000     0.000    clk
    W5                   IBUF (Prop_ibuf_I_O)         1.458     1.458 r  clk_IBUF_inst/O
                         net (fo=1, routed)           1.967     3.425    clk_IBUF
    BUFGCTRL_X0Y0        BUFG (Prop_bufg_I_O)         0.096     3.521 r  clk_IBUF_BUFG_inst/O
                         net (fo=98, routed)          1.630     5.151    clk_IBUF_BUFG
    SLICE_X5Y14          FDRE                                         r  x_scan_reg[0]/C
  -------------------------------------------------------------------    -------------------
    SLICE_X5Y14          FDRE (Prop_fdre_C_Q)         0.419     5.570 r  x_scan_reg[0]/Q
                         net (fo=10, routed)          1.321     6.891    x_scan_reg_n_0_[0]
    SLICE_X6Y16          LUT5 (Prop_lut5_I3_O)        0.299     7.190 f  x_scan[9]_i_4/O
                         net (fo=6, routed)           0.598     7.788    x_scan[9]_i_4_n_0
    SLICE_X5Y15          LUT6 (Prop_lut6_I1_O)        0.124     7.912 r  x_scan[9]_i_1/O
                         net (fo=9, routed)           0.544     8.456    x_scan[9]_i_1_n_0
    SLICE_X6Y15          FDRE                                         r  x_scan_reg[3]/R
  -------------------------------------------------------------------    -------------------

                         (clock sys_clk_pin rise edge)
                                                     10.000    10.000 r  
    W5                                                0.000    10.000 r  clk (IN)
                         net (fo=0)                   0.000    10.000    clk
    W5                   IBUF (Prop_ibuf_I_O)         1.388    11.388 r  clk_IBUF_inst/O
                         net (fo=1, routed)           1.862    13.250    clk_IBUF
    BUFGCTRL_X0Y0        BUFG (Prop_bufg_I_O)         0.091    13.341 r  clk_IBUF_BUFG_inst/O
                         net (fo=98, routed)          1.511    14.852    clk_IBUF_BUFG
    SLICE_X6Y15          FDRE                                         r  x_scan_reg[3]/C
                         clock pessimism              0.273    15.125    
                         clock uncertainty           -0.035    15.090    
    SLICE_X6Y15          FDRE (Setup_fdre_C_R)       -0.524    14.566    x_scan_reg[3]
  -------------------------------------------------------------------
                         required time                         14.566    
                         arrival time                          -8.456    
  -------------------------------------------------------------------
                         slack                                  6.110    

Slack (MET) :             6.110ns  (required time - arrival time)
  Source:                 x_scan_reg[0]/C
                            (rising edge-triggered cell FDRE clocked by sys_clk_pin  {rise@0.000ns fall@5.000ns period=10.000ns})
  Destination:            x_scan_reg[5]/R
                            (rising edge-triggered cell FDRE clocked by sys_clk_pin  {rise@0.000ns fall@5.000ns period=10.000ns})
  Path Group:             sys_clk_pin
  Path Type:              Setup (Max at Slow Process Corner)
  Requirement:            10.000ns  (sys_clk_pin rise@10.000ns - sys_clk_pin rise@0.000ns)
  Data Path Delay:        3.305ns  (logic 0.842ns (25.476%)  route 2.463ns (74.524%))
  Logic Levels:           2  (LUT5=1 LUT6=1)
  Clock Path Skew:        -0.026ns (DCD - SCD + CPR)
    Destination Clock Delay (DCD):    4.852ns = ( 14.852 - 10.000 ) 
    Source Clock Delay      (SCD):    5.151ns
    Clock Pessimism Removal (CPR):    0.273ns
  Clock Uncertainty:      0.035ns  ((TSJ^2 + TIJ^2)^1/2 + DJ) / 2 + PE
    Total System Jitter     (TSJ):    0.071ns
    Total Input Jitter      (TIJ):    0.000ns
    Discrete Jitter          (DJ):    0.000ns
    Phase Error              (PE):    0.000ns

    Location             Delay type                Incr(ns)  Path(ns)    Netlist Resource(s)
  -------------------------------------------------------------------    -------------------
                         (clock sys_clk_pin rise edge)
                                                      0.000     0.000 r  
    W5                                                0.000     0.000 r  clk (IN)
                         net (fo=0)                   0.000     0.000    clk
    W5                   IBUF (Prop_ibuf_I_O)         1.458     1.458 r  clk_IBUF_inst/O
                         net (fo=1, routed)           1.967     3.425    clk_IBUF
    BUFGCTRL_X0Y0        BUFG (Prop_bufg_I_O)         0.096     3.521 r  clk_IBUF_BUFG_inst/O
                         net (fo=98, routed)          1.630     5.151    clk_IBUF_BUFG
    SLICE_X5Y14          FDRE                                         r  x_scan_reg[0]/C
  -------------------------------------------------------------------    -------------------
    SLICE_X5Y14          FDRE (Prop_fdre_C_Q)         0.419     5.570 r  x_scan_reg[0]/Q
                         net (fo=10, routed)          1.321     6.891    x_scan_reg_n_0_[0]
    SLICE_X6Y16          LUT5 (Prop_lut5_I3_O)        0.299     7.190 f  x_scan[9]_i_4/O
                         net (fo=6, routed)           0.598     7.788    x_scan[9]_i_4_n_0
    SLICE_X5Y15          LUT6 (Prop_lut6_I1_O)        0.124     7.912 r  x_scan[9]_i_1/O
                         net (fo=9, routed)           0.544     8.456    x_scan[9]_i_1_n_0
    SLICE_X6Y15          FDRE                                         r  x_scan_reg[5]/R
  -------------------------------------------------------------------    -------------------

                         (clock sys_clk_pin rise edge)
                                                     10.000    10.000 r  
    W5                                                0.000    10.000 r  clk (IN)
                         net (fo=0)                   0.000    10.000    clk
    W5                   IBUF (Prop_ibuf_I_O)         1.388    11.388 r  clk_IBUF_inst/O
                         net (fo=1, routed)           1.862    13.250    clk_IBUF
    BUFGCTRL_X0Y0        BUFG (Prop_bufg_I_O)         0.091    13.341 r  clk_IBUF_BUFG_inst/O
                         net (fo=98, routed)          1.511    14.852    clk_IBUF_BUFG
    SLICE_X6Y15          FDRE                                         r  x_scan_reg[5]/C
                         clock pessimism              0.273    15.125    
                         clock uncertainty           -0.035    15.090    
    SLICE_X6Y15          FDRE (Setup_fdre_C_R)       -0.524    14.566    x_scan_reg[5]
  -------------------------------------------------------------------
                         required time                         14.566    
                         arrival time                          -8.456    
  -------------------------------------------------------------------
                         slack                                  6.110    





Min Delay Paths
--------------------------------------------------------------------------------------
Slack (MET) :             0.197ns  (arrival time - required time)
  Source:                 load_button/pulse_reg/C
                            (rising edge-triggered cell FDRE clocked by sys_clk_pin  {rise@0.000ns fall@5.000ns period=10.000ns})
  Destination:            paddle_counter/count_reg_reg[3]/D
                            (rising edge-triggered cell FDRE clocked by sys_clk_pin  {rise@0.000ns fall@5.000ns period=10.000ns})
  Path Group:             sys_clk_pin
  Path Type:              Hold (Min at Fast Process Corner)
  Requirement:            0.000ns  (sys_clk_pin rise@0.000ns - sys_clk_pin rise@0.000ns)
  Data Path Delay:        0.317ns  (logic 0.212ns (66.805%)  route 0.105ns (33.195%))
  Logic Levels:           1  (LUT3=1)
  Clock Path Skew:        0.013ns (DCD - SCD - CPR)
    Destination Clock Delay (DCD):    1.987ns
    Source Clock Delay      (SCD):    1.474ns
    Clock Pessimism Removal (CPR):    0.500ns

    Location             Delay type                Incr(ns)  Path(ns)    Netlist Resource(s)
  -------------------------------------------------------------------    -------------------
                         (clock sys_clk_pin rise edge)
                                                      0.000     0.000 r  
    W5                                                0.000     0.000 r  clk (IN)
                         net (fo=0)                   0.000     0.000    clk
    W5                   IBUF (Prop_ibuf_I_O)         0.226     0.226 r  clk_IBUF_inst/O
                         net (fo=1, routed)           0.631     0.858    clk_IBUF
    BUFGCTRL_X0Y0        BUFG (Prop_bufg_I_O)         0.026     0.884 r  clk_IBUF_BUFG_inst/O
                         net (fo=98, routed)          0.591     1.474    load_button/clk_IBUF_BUFG
    SLICE_X2Y15          FDRE                                         r  load_button/pulse_reg/C
  -------------------------------------------------------------------    -------------------
    SLICE_X2Y15          FDRE (Prop_fdre_C_Q)         0.164     1.638 r  load_button/pulse_reg/Q
                         net (fo=5, routed)           0.105     1.743    load_button/load_press
    SLICE_X3Y15          LUT3 (Prop_lut3_I1_O)        0.048     1.791 r  load_button/count_reg[3]_i_2/O
                         net (fo=1, routed)           0.000     1.791    paddle_counter/D[3]
    SLICE_X3Y15          FDRE                                         r  paddle_counter/count_reg_reg[3]/D
  -------------------------------------------------------------------    -------------------

                         (clock sys_clk_pin rise edge)
                                                      0.000     0.000 r  
    W5                                                0.000     0.000 r  clk (IN)
                         net (fo=0)                   0.000     0.000    clk
    W5                   IBUF (Prop_ibuf_I_O)         0.414     0.414 r  clk_IBUF_inst/O
                         net (fo=1, routed)           0.685     1.099    clk_IBUF
    BUFGCTRL_X0Y0        BUFG (Prop_bufg_I_O)         0.029     1.128 r  clk_IBUF_BUFG_inst/O
                         net (fo=98, routed)          0.860     1.987    paddle_counter/clk_IBUF_BUFG
    SLICE_X3Y15          FDRE                                         r  paddle_counter/count_reg_reg[3]/C
                         clock pessimism             -0.500     1.487    
    SLICE_X3Y15          FDRE (Hold_fdre_C_D)         0.107     1.594    paddle_counter/count_reg_reg[3]
  -------------------------------------------------------------------
                         required time                         -1.594    
                         arrival time                           1.791    
  -------------------------------------------------------------------
                         slack                                  0.197    

Slack (MET) :             0.210ns  (arrival time - required time)
  Source:                 load_button/pulse_reg/C
                            (rising edge-triggered cell FDRE clocked by sys_clk_pin  {rise@0.000ns fall@5.000ns period=10.000ns})
  Destination:            paddle_counter/count_reg_reg[2]/D
                            (rising edge-triggered cell FDRE clocked by sys_clk_pin  {rise@0.000ns fall@5.000ns period=10.000ns})
  Path Group:             sys_clk_pin
  Path Type:              Hold (Min at Fast Process Corner)
  Requirement:            0.000ns  (sys_clk_pin rise@0.000ns - sys_clk_pin rise@0.000ns)
  Data Path Delay:        0.314ns  (logic 0.209ns (66.488%)  route 0.105ns (33.512%))
  Logic Levels:           1  (LUT3=1)
  Clock Path Skew:        0.013ns (DCD - SCD - CPR)
    Destination Clock Delay (DCD):    1.987ns
    Source Clock Delay      (SCD):    1.474ns
    Clock Pessimism Removal (CPR):    0.500ns

    Location             Delay type                Incr(ns)  Path(ns)    Netlist Resource(s)
  -------------------------------------------------------------------    -------------------
                         (clock sys_clk_pin rise edge)
                                                      0.000     0.000 r  
    W5                                                0.000     0.000 r  clk (IN)
                         net (fo=0)                   0.000     0.000    clk
    W5                   IBUF (Prop_ibuf_I_O)         0.226     0.226 r  clk_IBUF_inst/O
                         net (fo=1, routed)           0.631     0.858    clk_IBUF
    BUFGCTRL_X0Y0        BUFG (Prop_bufg_I_O)         0.026     0.884 r  clk_IBUF_BUFG_inst/O
                         net (fo=98, routed)          0.591     1.474    load_button/clk_IBUF_BUFG
    SLICE_X2Y15          FDRE                                         r  load_button/pulse_reg/C
  -------------------------------------------------------------------    -------------------
    SLICE_X2Y15          FDRE (Prop_fdre_C_Q)         0.164     1.638 r  load_button/pulse_reg/Q
                         net (fo=5, routed)           0.105     1.743    load_button/load_press
    SLICE_X3Y15          LUT3 (Prop_lut3_I1_O)        0.045     1.788 r  load_button/count_reg[2]_i_1/O
                         net (fo=1, routed)           0.000     1.788    paddle_counter/D[2]
    SLICE_X3Y15          FDRE                                         r  paddle_counter/count_reg_reg[2]/D
  -------------------------------------------------------------------    -------------------

                         (clock sys_clk_pin rise edge)
                                                      0.000     0.000 r  
    W5                                                0.000     0.000 r  clk (IN)
                         net (fo=0)                   0.000     0.000    clk
    W5                   IBUF (Prop_ibuf_I_O)         0.414     0.414 r  clk_IBUF_inst/O
                         net (fo=1, routed)           0.685     1.099    clk_IBUF
    BUFGCTRL_X0Y0        BUFG (Prop_bufg_I_O)         0.029     1.128 r  clk_IBUF_BUFG_inst/O
                         net (fo=98, routed)          0.860     1.987    paddle_counter/clk_IBUF_BUFG
    SLICE_X3Y15          FDRE                                         r  paddle_counter/count_reg_reg[2]/C
                         clock pessimism             -0.500     1.487    
    SLICE_X3Y15          FDRE (Hold_fdre_C_D)         0.091     1.578    paddle_counter/count_reg_reg[2]
  -------------------------------------------------------------------
                         required time                         -1.578    
                         arrival time                           1.788    
  -------------------------------------------------------------------
                         slack                                  0.210    

Slack (MET) :             0.212ns  (arrival time - required time)
  Source:                 x_scan_reg[8]/C
                            (rising edge-triggered cell FDRE clocked by sys_clk_pin  {rise@0.000ns fall@5.000ns period=10.000ns})
  Destination:            x_scan_reg[9]/D
                            (rising edge-triggered cell FDRE clocked by sys_clk_pin  {rise@0.000ns fall@5.000ns period=10.000ns})
  Path Group:             sys_clk_pin
  Path Type:              Hold (Min at Fast Process Corner)
  Requirement:            0.000ns  (sys_clk_pin rise@0.000ns - sys_clk_pin rise@0.000ns)
  Data Path Delay:        0.333ns  (logic 0.246ns (73.912%)  route 0.087ns (26.088%))
  Logic Levels:           1  (LUT6=1)
  Clock Path Skew:        0.000ns (DCD - SCD - CPR)
    Destination Clock Delay (DCD):    1.984ns
    Source Clock Delay      (SCD):    1.471ns
    Clock Pessimism Removal (CPR):    0.513ns

    Location             Delay type                Incr(ns)  Path(ns)    Netlist Resource(s)
  -------------------------------------------------------------------    -------------------
                         (clock sys_clk_pin rise edge)
                                                      0.000     0.000 r  
    W5                                                0.000     0.000 r  clk (IN)
                         net (fo=0)                   0.000     0.000    clk
    W5                   IBUF (Prop_ibuf_I_O)         0.226     0.226 r  clk_IBUF_inst/O
                         net (fo=1, routed)           0.631     0.858    clk_IBUF
    BUFGCTRL_X0Y0        BUFG (Prop_bufg_I_O)         0.026     0.884 r  clk_IBUF_BUFG_inst/O
                         net (fo=98, routed)          0.588     1.471    clk_IBUF_BUFG
    SLICE_X6Y16          FDRE                                         r  x_scan_reg[8]/C
  -------------------------------------------------------------------    -------------------
    SLICE_X6Y16          FDRE (Prop_fdre_C_Q)         0.148     1.619 r  x_scan_reg[8]/Q
                         net (fo=10, routed)          0.087     1.706    x_scan_reg_n_0_[8]
    SLICE_X6Y16          LUT6 (Prop_lut6_I1_O)        0.098     1.804 r  x_scan[9]_i_3/O
                         net (fo=1, routed)           0.000     1.804    data0[9]
    SLICE_X6Y16          FDRE                                         r  x_scan_reg[9]/D
  -------------------------------------------------------------------    -------------------

                         (clock sys_clk_pin rise edge)
                                                      0.000     0.000 r  
    W5                                                0.000     0.000 r  clk (IN)
                         net (fo=0)                   0.000     0.000    clk
    W5                   IBUF (Prop_ibuf_I_O)         0.414     0.414 r  clk_IBUF_inst/O
                         net (fo=1, routed)           0.685     1.099    clk_IBUF
    BUFGCTRL_X0Y0        BUFG (Prop_bufg_I_O)         0.029     1.128 r  clk_IBUF_BUFG_inst/O
                         net (fo=98, routed)          0.857     1.984    clk_IBUF_BUFG
    SLICE_X6Y16          FDRE                                         r  x_scan_reg[9]/C
                         clock pessimism             -0.513     1.471    
    SLICE_X6Y16          FDRE (Hold_fdre_C_D)         0.121     1.592    x_scan_reg[9]
  -------------------------------------------------------------------
                         required time                         -1.592    
                         arrival time                           1.804    
  -------------------------------------------------------------------
                         slack                                  0.212    

Slack (MET) :             0.230ns  (arrival time - required time)
  Source:                 left_button/sync_ff1_reg/C
                            (rising edge-triggered cell FDRE clocked by sys_clk_pin  {rise@0.000ns fall@5.000ns period=10.000ns})
  Destination:            left_button/sync_ff2_reg/D
                            (rising edge-triggered cell FDRE clocked by sys_clk_pin  {rise@0.000ns fall@5.000ns period=10.000ns})
  Path Group:             sys_clk_pin
  Path Type:              Hold (Min at Fast Process Corner)
  Requirement:            0.000ns  (sys_clk_pin rise@0.000ns - sys_clk_pin rise@0.000ns)
  Data Path Delay:        0.247ns  (logic 0.128ns (51.736%)  route 0.119ns (48.264%))
  Logic Levels:           0  
  Clock Path Skew:        0.000ns (DCD - SCD - CPR)
    Destination Clock Delay (DCD):    1.984ns
    Source Clock Delay      (SCD):    1.471ns
    Clock Pessimism Removal (CPR):    0.513ns

    Location             Delay type                Incr(ns)  Path(ns)    Netlist Resource(s)
  -------------------------------------------------------------------    -------------------
                         (clock sys_clk_pin rise edge)
                                                      0.000     0.000 r  
    W5                                                0.000     0.000 r  clk (IN)
                         net (fo=0)                   0.000     0.000    clk
    W5                   IBUF (Prop_ibuf_I_O)         0.226     0.226 r  clk_IBUF_inst/O
                         net (fo=1, routed)           0.631     0.858    clk_IBUF
    BUFGCTRL_X0Y0        BUFG (Prop_bufg_I_O)         0.026     0.884 r  clk_IBUF_BUFG_inst/O
                         net (fo=98, routed)          0.588     1.471    left_button/clk_IBUF_BUFG
    SLICE_X1Y18          FDRE                                         r  left_button/sync_ff1_reg/C
  -------------------------------------------------------------------    -------------------
    SLICE_X1Y18          FDRE (Prop_fdre_C_Q)         0.128     1.599 r  left_button/sync_ff1_reg/Q
                         net (fo=1, routed)           0.119     1.719    left_button/sync_ff1_reg_n_0
    SLICE_X1Y18          FDRE                                         r  left_button/sync_ff2_reg/D
  -------------------------------------------------------------------    -------------------

                         (clock sys_clk_pin rise edge)
                                                      0.000     0.000 r  
    W5                                                0.000     0.000 r  clk (IN)
                         net (fo=0)                   0.000     0.000    clk
    W5                   IBUF (Prop_ibuf_I_O)         0.414     0.414 r  clk_IBUF_inst/O
                         net (fo=1, routed)           0.685     1.099    clk_IBUF
    BUFGCTRL_X0Y0        BUFG (Prop_bufg_I_O)         0.029     1.128 r  clk_IBUF_BUFG_inst/O
                         net (fo=98, routed)          0.857     1.984    left_button/clk_IBUF_BUFG
    SLICE_X1Y18          FDRE                                         r  left_button/sync_ff2_reg/C
                         clock pessimism             -0.513     1.471    
    SLICE_X1Y18          FDRE (Hold_fdre_C_D)         0.017     1.488    left_button/sync_ff2_reg
  -------------------------------------------------------------------
                         required time                         -1.488    
                         arrival time                           1.719    
  -------------------------------------------------------------------
                         slack                                  0.230    

Slack (MET) :             0.230ns  (arrival time - required time)
  Source:                 right_button/sync_ff1_reg/C
                            (rising edge-triggered cell FDRE clocked by sys_clk_pin  {rise@0.000ns fall@5.000ns period=10.000ns})
  Destination:            right_button/sync_ff2_reg/D
                            (rising edge-triggered cell FDRE clocked by sys_clk_pin  {rise@0.000ns fall@5.000ns period=10.000ns})
  Path Group:             sys_clk_pin
  Path Type:              Hold (Min at Fast Process Corner)
  Requirement:            0.000ns  (sys_clk_pin rise@0.000ns - sys_clk_pin rise@0.000ns)
  Data Path Delay:        0.247ns  (logic 0.128ns (51.736%)  route 0.119ns (48.264%))
  Logic Levels:           0  
  Clock Path Skew:        0.000ns (DCD - SCD - CPR)
    Destination Clock Delay (DCD):    1.982ns
    Source Clock Delay      (SCD):    1.469ns
    Clock Pessimism Removal (CPR):    0.513ns

    Location             Delay type                Incr(ns)  Path(ns)    Netlist Resource(s)
  -------------------------------------------------------------------    -------------------
                         (clock sys_clk_pin rise edge)
                                                      0.000     0.000 r  
    W5                                                0.000     0.000 r  clk (IN)
                         net (fo=0)                   0.000     0.000    clk
    W5                   IBUF (Prop_ibuf_I_O)         0.226     0.226 r  clk_IBUF_inst/O
                         net (fo=1, routed)           0.631     0.858    clk_IBUF
    BUFGCTRL_X0Y0        BUFG (Prop_bufg_I_O)         0.026     0.884 r  clk_IBUF_BUFG_inst/O
                         net (fo=98, routed)          0.586     1.469    right_button/clk_IBUF_BUFG
    SLICE_X1Y20          FDRE                                         r  right_button/sync_ff1_reg/C
  -------------------------------------------------------------------    -------------------
    SLICE_X1Y20          FDRE (Prop_fdre_C_Q)         0.128     1.597 r  right_button/sync_ff1_reg/Q
                         net (fo=1, routed)           0.119     1.717    right_button/sync_ff1_reg_n_0
    SLICE_X1Y20          FDRE                                         r  right_button/sync_ff2_reg/D
  -------------------------------------------------------------------    -------------------

                         (clock sys_clk_pin rise edge)
                                                      0.000     0.000 r  
    W5                                                0.000     0.000 r  clk (IN)
                         net (fo=0)                   0.000     0.000    clk
    W5                   IBUF (Prop_ibuf_I_O)         0.414     0.414 r  clk_IBUF_inst/O
                         net (fo=1, routed)           0.685     1.099    clk_IBUF
    BUFGCTRL_X0Y0        BUFG (Prop_bufg_I_O)         0.029     1.128 r  clk_IBUF_BUFG_inst/O
                         net (fo=98, routed)          0.855     1.982    right_button/clk_IBUF_BUFG
    SLICE_X1Y20          FDRE                                         r  right_button/sync_ff2_reg/C
                         clock pessimism             -0.513     1.469    
    SLICE_X1Y20          FDRE (Hold_fdre_C_D)         0.017     1.486    right_button/sync_ff2_reg
  -------------------------------------------------------------------
                         required time                         -1.486    
                         arrival time                           1.717    
  -------------------------------------------------------------------
                         slack                                  0.230    

Slack (MET) :             0.248ns  (arrival time - required time)
  Source:                 load_button/pulse_reg/C
                            (rising edge-triggered cell FDRE clocked by sys_clk_pin  {rise@0.000ns fall@5.000ns period=10.000ns})
  Destination:            paddle_counter/count_reg_reg[1]/D
                            (rising edge-triggered cell FDRE clocked by sys_clk_pin  {rise@0.000ns fall@5.000ns period=10.000ns})
  Path Group:             sys_clk_pin
  Path Type:              Hold (Min at Fast Process Corner)
  Requirement:            0.000ns  (sys_clk_pin rise@0.000ns - sys_clk_pin rise@0.000ns)
  Data Path Delay:        0.370ns  (logic 0.212ns (57.238%)  route 0.158ns (42.762%))
  Logic Levels:           1  (LUT3=1)
  Clock Path Skew:        0.015ns (DCD - SCD - CPR)
    Destination Clock Delay (DCD):    1.988ns
    Source Clock Delay      (SCD):    1.474ns
    Clock Pessimism Removal (CPR):    0.499ns

    Location             Delay type                Incr(ns)  Path(ns)    Netlist Resource(s)
  -------------------------------------------------------------------    -------------------
                         (clock sys_clk_pin rise edge)
                                                      0.000     0.000 r  
    W5                                                0.000     0.000 r  clk (IN)
                         net (fo=0)                   0.000     0.000    clk
    W5                   IBUF (Prop_ibuf_I_O)         0.226     0.226 r  clk_IBUF_inst/O
                         net (fo=1, routed)           0.631     0.858    clk_IBUF
    BUFGCTRL_X0Y0        BUFG (Prop_bufg_I_O)         0.026     0.884 r  clk_IBUF_BUFG_inst/O
                         net (fo=98, routed)          0.591     1.474    load_button/clk_IBUF_BUFG
    SLICE_X2Y15          FDRE                                         r  load_button/pulse_reg/C
  -------------------------------------------------------------------    -------------------
    SLICE_X2Y15          FDRE (Prop_fdre_C_Q)         0.164     1.638 r  load_button/pulse_reg/Q
                         net (fo=5, routed)           0.158     1.797    load_button/load_press
    SLICE_X3Y14          LUT3 (Prop_lut3_I1_O)        0.048     1.845 r  load_button/count_reg[1]_i_1/O
                         net (fo=1, routed)           0.000     1.845    paddle_counter/D[1]
    SLICE_X3Y14          FDRE                                         r  paddle_counter/count_reg_reg[1]/D
  -------------------------------------------------------------------    -------------------

                         (clock sys_clk_pin rise edge)
                                                      0.000     0.000 r  
    W5                                                0.000     0.000 r  clk (IN)
                         net (fo=0)                   0.000     0.000    clk
    W5                   IBUF (Prop_ibuf_I_O)         0.414     0.414 r  clk_IBUF_inst/O
                         net (fo=1, routed)           0.685     1.099    clk_IBUF
    BUFGCTRL_X0Y0        BUFG (Prop_bufg_I_O)         0.029     1.128 r  clk_IBUF_BUFG_inst/O
                         net (fo=98, routed)          0.861     1.988    paddle_counter/clk_IBUF_BUFG
    SLICE_X3Y14          FDRE                                         r  paddle_counter/count_reg_reg[1]/C
                         clock pessimism             -0.499     1.489    
    SLICE_X3Y14          FDRE (Hold_fdre_C_D)         0.107     1.596    paddle_counter/count_reg_reg[1]
  -------------------------------------------------------------------
                         required time                         -1.596    
                         arrival time                           1.845    
  -------------------------------------------------------------------
                         slack                                  0.248    

Slack (MET) :             0.257ns  (arrival time - required time)
  Source:                 y_scan_reg[0]/C
                            (rising edge-triggered cell FDRE clocked by sys_clk_pin  {rise@0.000ns fall@5.000ns period=10.000ns})
  Destination:            y_scan_reg[7]/D
                            (rising edge-triggered cell FDRE clocked by sys_clk_pin  {rise@0.000ns fall@5.000ns period=10.000ns})
  Path Group:             sys_clk_pin
  Path Type:              Hold (Min at Fast Process Corner)
  Requirement:            0.000ns  (sys_clk_pin rise@0.000ns - sys_clk_pin rise@0.000ns)
  Data Path Delay:        0.362ns  (logic 0.186ns (51.317%)  route 0.176ns (48.683%))
  Logic Levels:           1  (LUT6=1)
  Clock Path Skew:        0.013ns (DCD - SCD - CPR)
    Destination Clock Delay (DCD):    1.983ns
    Source Clock Delay      (SCD):    1.471ns
    Clock Pessimism Removal (CPR):    0.499ns

    Location             Delay type                Incr(ns)  Path(ns)    Netlist Resource(s)
  -------------------------------------------------------------------    -------------------
                         (clock sys_clk_pin rise edge)
                                                      0.000     0.000 r  
    W5                                                0.000     0.000 r  clk (IN)
                         net (fo=0)                   0.000     0.000    clk
    W5                   IBUF (Prop_ibuf_I_O)         0.226     0.226 r  clk_IBUF_inst/O
                         net (fo=1, routed)           0.631     0.858    clk_IBUF
    BUFGCTRL_X0Y0        BUFG (Prop_bufg_I_O)         0.026     0.884 r  clk_IBUF_BUFG_inst/O
                         net (fo=98, routed)          0.588     1.471    clk_IBUF_BUFG
    SLICE_X4Y16          FDRE                                         r  y_scan_reg[0]/C
  -------------------------------------------------------------------    -------------------
    SLICE_X4Y16          FDRE (Prop_fdre_C_Q)         0.141     1.612 r  y_scan_reg[0]/Q
                         net (fo=13, routed)          0.176     1.789    y_scan_reg_n_0_[0]
    SLICE_X4Y17          LUT6 (Prop_lut6_I0_O)        0.045     1.834 r  y_scan[7]_i_1/O
                         net (fo=1, routed)           0.000     1.834    y_scan[7]_i_1_n_0
    SLICE_X4Y17          FDRE                                         r  y_scan_reg[7]/D
  -------------------------------------------------------------------    -------------------

                         (clock sys_clk_pin rise edge)
                                                      0.000     0.000 r  
    W5                                                0.000     0.000 r  clk (IN)
                         net (fo=0)                   0.000     0.000    clk
    W5                   IBUF (Prop_ibuf_I_O)         0.414     0.414 r  clk_IBUF_inst/O
                         net (fo=1, routed)           0.685     1.099    clk_IBUF
    BUFGCTRL_X0Y0        BUFG (Prop_bufg_I_O)         0.029     1.128 r  clk_IBUF_BUFG_inst/O
                         net (fo=98, routed)          0.856     1.983    clk_IBUF_BUFG
    SLICE_X4Y17          FDRE                                         r  y_scan_reg[7]/C
                         clock pessimism             -0.499     1.484    
    SLICE_X4Y17          FDRE (Hold_fdre_C_D)         0.092     1.576    y_scan_reg[7]
  -------------------------------------------------------------------
                         required time                         -1.576    
                         arrival time                           1.834    
  -------------------------------------------------------------------
                         slack                                  0.257    

Slack (MET) :             0.259ns  (arrival time - required time)
  Source:                 y_scan_reg[0]/C
                            (rising edge-triggered cell FDRE clocked by sys_clk_pin  {rise@0.000ns fall@5.000ns period=10.000ns})
  Destination:            y_scan_reg[4]/D
                            (rising edge-triggered cell FDRE clocked by sys_clk_pin  {rise@0.000ns fall@5.000ns period=10.000ns})
  Path Group:             sys_clk_pin
  Path Type:              Hold (Min at Fast Process Corner)
  Requirement:            0.000ns  (sys_clk_pin rise@0.000ns - sys_clk_pin rise@0.000ns)
  Data Path Delay:        0.364ns  (logic 0.186ns (51.154%)  route 0.178ns (48.846%))
  Logic Levels:           1  (LUT6=1)
  Clock Path Skew:        0.013ns (DCD - SCD - CPR)
    Destination Clock Delay (DCD):    1.983ns
    Source Clock Delay      (SCD):    1.471ns
    Clock Pessimism Removal (CPR):    0.499ns

    Location             Delay type                Incr(ns)  Path(ns)    Netlist Resource(s)
  -------------------------------------------------------------------    -------------------
                         (clock sys_clk_pin rise edge)
                                                      0.000     0.000 r  
    W5                                                0.000     0.000 r  clk (IN)
                         net (fo=0)                   0.000     0.000    clk
    W5                   IBUF (Prop_ibuf_I_O)         0.226     0.226 r  clk_IBUF_inst/O
                         net (fo=1, routed)           0.631     0.858    clk_IBUF
    BUFGCTRL_X0Y0        BUFG (Prop_bufg_I_O)         0.026     0.884 r  clk_IBUF_BUFG_inst/O
                         net (fo=98, routed)          0.588     1.471    clk_IBUF_BUFG
    SLICE_X4Y16          FDRE                                         r  y_scan_reg[0]/C
  -------------------------------------------------------------------    -------------------
    SLICE_X4Y16          FDRE (Prop_fdre_C_Q)         0.141     1.612 r  y_scan_reg[0]/Q
                         net (fo=13, routed)          0.178     1.790    y_scan_reg_n_0_[0]
    SLICE_X4Y17          LUT6 (Prop_lut6_I0_O)        0.045     1.835 r  y_scan[4]_i_1/O
                         net (fo=1, routed)           0.000     1.835    y_scan[4]_i_1_n_0
    SLICE_X4Y17          FDRE                                         r  y_scan_reg[4]/D
  -------------------------------------------------------------------    -------------------

                         (clock sys_clk_pin rise edge)
                                                      0.000     0.000 r  
    W5                                                0.000     0.000 r  clk (IN)
                         net (fo=0)                   0.000     0.000    clk
    W5                   IBUF (Prop_ibuf_I_O)         0.414     0.414 r  clk_IBUF_inst/O
                         net (fo=1, routed)           0.685     1.099    clk_IBUF
    BUFGCTRL_X0Y0        BUFG (Prop_bufg_I_O)         0.029     1.128 r  clk_IBUF_BUFG_inst/O
                         net (fo=98, routed)          0.856     1.983    clk_IBUF_BUFG
    SLICE_X4Y17          FDRE                                         r  y_scan_reg[4]/C
                         clock pessimism             -0.499     1.484    
    SLICE_X4Y17          FDRE (Hold_fdre_C_D)         0.092     1.576    y_scan_reg[4]
  -------------------------------------------------------------------
                         required time                         -1.576    
                         arrival time                           1.835    
  -------------------------------------------------------------------
                         slack                                  0.259    

Slack (MET) :             0.261ns  (arrival time - required time)
  Source:                 load_button/pulse_reg/C
                            (rising edge-triggered cell FDRE clocked by sys_clk_pin  {rise@0.000ns fall@5.000ns period=10.000ns})
  Destination:            paddle_counter/count_reg_reg[0]/D
                            (rising edge-triggered cell FDRE clocked by sys_clk_pin  {rise@0.000ns fall@5.000ns period=10.000ns})
  Path Group:             sys_clk_pin
  Path Type:              Hold (Min at Fast Process Corner)
  Requirement:            0.000ns  (sys_clk_pin rise@0.000ns - sys_clk_pin rise@0.000ns)
  Data Path Delay:        0.367ns  (logic 0.209ns (56.889%)  route 0.158ns (43.111%))
  Logic Levels:           1  (LUT3=1)
  Clock Path Skew:        0.015ns (DCD - SCD - CPR)
    Destination Clock Delay (DCD):    1.988ns
    Source Clock Delay      (SCD):    1.474ns
    Clock Pessimism Removal (CPR):    0.499ns

    Location             Delay type                Incr(ns)  Path(ns)    Netlist Resource(s)
  -------------------------------------------------------------------    -------------------
                         (clock sys_clk_pin rise edge)
                                                      0.000     0.000 r  
    W5                                                0.000     0.000 r  clk (IN)
                         net (fo=0)                   0.000     0.000    clk
    W5                   IBUF (Prop_ibuf_I_O)         0.226     0.226 r  clk_IBUF_inst/O
                         net (fo=1, routed)           0.631     0.858    clk_IBUF
    BUFGCTRL_X0Y0        BUFG (Prop_bufg_I_O)         0.026     0.884 r  clk_IBUF_BUFG_inst/O
                         net (fo=98, routed)          0.591     1.474    load_button/clk_IBUF_BUFG
    SLICE_X2Y15          FDRE                                         r  load_button/pulse_reg/C
  -------------------------------------------------------------------    -------------------
    SLICE_X2Y15          FDRE (Prop_fdre_C_Q)         0.164     1.638 r  load_button/pulse_reg/Q
                         net (fo=5, routed)           0.158     1.797    load_button/load_press
    SLICE_X3Y14          LUT3 (Prop_lut3_I1_O)        0.045     1.842 r  load_button/count_reg[0]_i_1/O
                         net (fo=1, routed)           0.000     1.842    paddle_counter/D[0]
    SLICE_X3Y14          FDRE                                         r  paddle_counter/count_reg_reg[0]/D
  -------------------------------------------------------------------    -------------------

                         (clock sys_clk_pin rise edge)
                                                      0.000     0.000 r  
    W5                                                0.000     0.000 r  clk (IN)
                         net (fo=0)                   0.000     0.000    clk
    W5                   IBUF (Prop_ibuf_I_O)         0.414     0.414 r  clk_IBUF_inst/O
                         net (fo=1, routed)           0.685     1.099    clk_IBUF
    BUFGCTRL_X0Y0        BUFG (Prop_bufg_I_O)         0.029     1.128 r  clk_IBUF_BUFG_inst/O
                         net (fo=98, routed)          0.861     1.988    paddle_counter/clk_IBUF_BUFG
    SLICE_X3Y14          FDRE                                         r  paddle_counter/count_reg_reg[0]/C
                         clock pessimism             -0.499     1.489    
    SLICE_X3Y14          FDRE (Hold_fdre_C_D)         0.091     1.580    paddle_counter/count_reg_reg[0]
  -------------------------------------------------------------------
                         required time                         -1.580    
                         arrival time                           1.842    
  -------------------------------------------------------------------
                         slack                                  0.261    

Slack (MET) :             0.262ns  (arrival time - required time)
  Source:                 left_button/count_reg[3]/C
                            (rising edge-triggered cell FDRE clocked by sys_clk_pin  {rise@0.000ns fall@5.000ns period=10.000ns})
  Destination:            left_button/count_reg[3]/D
                            (rising edge-triggered cell FDRE clocked by sys_clk_pin  {rise@0.000ns fall@5.000ns period=10.000ns})
  Path Group:             sys_clk_pin
  Path Type:              Hold (Min at Fast Process Corner)
  Requirement:            0.000ns  (sys_clk_pin rise@0.000ns - sys_clk_pin rise@0.000ns)
  Data Path Delay:        0.367ns  (logic 0.249ns (67.838%)  route 0.118ns (32.162%))
  Logic Levels:           1  (CARRY4=1)
  Clock Path Skew:        0.000ns (DCD - SCD - CPR)
    Destination Clock Delay (DCD):    1.988ns
    Source Clock Delay      (SCD):    1.474ns
    Clock Pessimism Removal (CPR):    0.514ns

    Location             Delay type                Incr(ns)  Path(ns)    Netlist Resource(s)
  -------------------------------------------------------------------    -------------------
                         (clock sys_clk_pin rise edge)
                                                      0.000     0.000 r  
    W5                                                0.000     0.000 r  clk (IN)
                         net (fo=0)                   0.000     0.000    clk
    W5                   IBUF (Prop_ibuf_I_O)         0.226     0.226 r  clk_IBUF_inst/O
                         net (fo=1, routed)           0.631     0.858    clk_IBUF
    BUFGCTRL_X0Y0        BUFG (Prop_bufg_I_O)         0.026     0.884 r  clk_IBUF_BUFG_inst/O
                         net (fo=98, routed)          0.591     1.474    left_button/clk_IBUF_BUFG
    SLICE_X1Y13          FDRE                                         r  left_button/count_reg[3]/C
  -------------------------------------------------------------------    -------------------
    SLICE_X1Y13          FDRE (Prop_fdre_C_Q)         0.141     1.615 r  left_button/count_reg[3]/Q
                         net (fo=2, routed)           0.118     1.733    left_button/count_reg[3]
    SLICE_X1Y13          CARRY4 (Prop_carry4_S[3]_O[3])
                                                      0.108     1.841 r  left_button/count_reg[0]_i_2__0/O[3]
                         net (fo=1, routed)           0.000     1.841    left_button/count_reg[0]_i_2__0_n_4
    SLICE_X1Y13          FDRE                                         r  left_button/count_reg[3]/D
  -------------------------------------------------------------------    -------------------

                         (clock sys_clk_pin rise edge)
                                                      0.000     0.000 r  
    W5                                                0.000     0.000 r  clk (IN)
                         net (fo=0)                   0.000     0.000    clk
    W5                   IBUF (Prop_ibuf_I_O)         0.414     0.414 r  clk_IBUF_inst/O
                         net (fo=1, routed)           0.685     1.099    clk_IBUF
    BUFGCTRL_X0Y0        BUFG (Prop_bufg_I_O)         0.029     1.128 r  clk_IBUF_BUFG_inst/O
                         net (fo=98, routed)          0.861     1.988    left_button/clk_IBUF_BUFG
    SLICE_X1Y13          FDRE                                         r  left_button/count_reg[3]/C
                         clock pessimism             -0.514     1.474    
    SLICE_X1Y13          FDRE (Hold_fdre_C_D)         0.105     1.579    left_button/count_reg[3]
  -------------------------------------------------------------------
                         required time                         -1.579    
                         arrival time                           1.841    
  -------------------------------------------------------------------
                         slack                                  0.262    





Pulse Width Checks
--------------------------------------------------------------------------------------
Clock Name:         sys_clk_pin
Waveform(ns):       { 0.000 5.000 }
Period(ns):         10.000
Sources:            { clk }

Check Type        Corner  Lib Pin  Reference Pin  Required(ns)  Actual(ns)  Slack(ns)  Location       Pin
Min Period        n/a     BUFG/I   n/a            2.155         10.000      7.845      BUFGCTRL_X0Y0  clk_IBUF_BUFG_inst/I
Min Period        n/a     FDRE/C   n/a            1.000         10.000      9.000      SLICE_X5Y14    pixel_div_reg[0]/C
Min Period        n/a     FDRE/C   n/a            1.000         10.000      9.000      SLICE_X5Y14    pixel_div_reg[1]/C
Min Period        n/a     FDRE/C   n/a            1.000         10.000      9.000      SLICE_X5Y14    x_scan_reg[0]/C
Min Period        n/a     FDRE/C   n/a            1.000         10.000      9.000      SLICE_X4Y15    x_scan_reg[1]/C
Min Period        n/a     FDRE/C   n/a            1.000         10.000      9.000      SLICE_X6Y15    x_scan_reg[2]/C
Min Period        n/a     FDRE/C   n/a            1.000         10.000      9.000      SLICE_X6Y15    x_scan_reg[3]/C
Min Period        n/a     FDRE/C   n/a            1.000         10.000      9.000      SLICE_X6Y16    x_scan_reg[4]/C
Min Period        n/a     FDRE/C   n/a            1.000         10.000      9.000      SLICE_X6Y15    x_scan_reg[5]/C
Min Period        n/a     FDRE/C   n/a            1.000         10.000      9.000      SLICE_X6Y15    x_scan_reg[6]/C
Low Pulse Width   Slow    FDRE/C   n/a            0.500         5.000       4.500      SLICE_X5Y14    pixel_div_reg[0]/C
Low Pulse Width   Fast    FDRE/C   n/a            0.500         5.000       4.500      SLICE_X5Y14    pixel_div_reg[0]/C
Low Pulse Width   Slow    FDRE/C   n/a            0.500         5.000       4.500      SLICE_X5Y14    pixel_div_reg[1]/C
Low Pulse Width   Fast    FDRE/C   n/a            0.500         5.000       4.500      SLICE_X5Y14    pixel_div_reg[1]/C
Low Pulse Width   Slow    FDRE/C   n/a            0.500         5.000       4.500      SLICE_X5Y14    x_scan_reg[0]/C
Low Pulse Width   Fast    FDRE/C   n/a            0.500         5.000       4.500      SLICE_X5Y14    x_scan_reg[0]/C
Low Pulse Width   Slow    FDRE/C   n/a            0.500         5.000       4.500      SLICE_X4Y15    x_scan_reg[1]/C
Low Pulse Width   Fast    FDRE/C   n/a            0.500         5.000       4.500      SLICE_X4Y15    x_scan_reg[1]/C
Low Pulse Width   Slow    FDRE/C   n/a            0.500         5.000       4.500      SLICE_X6Y15    x_scan_reg[2]/C
Low Pulse Width   Fast    FDRE/C   n/a            0.500         5.000       4.500      SLICE_X6Y15    x_scan_reg[2]/C
High Pulse Width  Slow    FDRE/C   n/a            0.500         5.000       4.500      SLICE_X5Y14    pixel_div_reg[0]/C
High Pulse Width  Fast    FDRE/C   n/a            0.500         5.000       4.500      SLICE_X5Y14    pixel_div_reg[0]/C
High Pulse Width  Slow    FDRE/C   n/a            0.500         5.000       4.500      SLICE_X5Y14    pixel_div_reg[1]/C
High Pulse Width  Fast    FDRE/C   n/a            0.500         5.000       4.500      SLICE_X5Y14    pixel_div_reg[1]/C
High Pulse Width  Slow    FDRE/C   n/a            0.500         5.000       4.500      SLICE_X5Y14    x_scan_reg[0]/C
High Pulse Width  Fast    FDRE/C   n/a            0.500         5.000       4.500      SLICE_X5Y14    x_scan_reg[0]/C
High Pulse Width  Slow    FDRE/C   n/a            0.500         5.000       4.500      SLICE_X4Y15    x_scan_reg[1]/C
High Pulse Width  Fast    FDRE/C   n/a            0.500         5.000       4.500      SLICE_X4Y15    x_scan_reg[1]/C
High Pulse Width  Slow    FDRE/C   n/a            0.500         5.000       4.500      SLICE_X6Y15    x_scan_reg[2]/C
High Pulse Width  Fast    FDRE/C   n/a            0.500         5.000       4.500      SLICE_X6Y15    x_scan_reg[2]/C



--------------------------------------------------------------------------------------
Path Group:  (none)
From Clock:  sys_clk_pin
  To Clock:  

Max Delay            21 Endpoints
Min Delay            21 Endpoints
--------------------------------------------------------------------------------------


Max Delay Paths
--------------------------------------------------------------------------------------
Slack:                    inf
  Source:                 paddle_counter/count_reg_reg[3]/C
                            (rising edge-triggered cell FDRE clocked by sys_clk_pin  {rise@0.000ns fall@5.000ns period=10.000ns})
  Destination:            vgaGreen[3]
                            (output port)
  Path Group:             (none)
  Path Type:              Max at Slow Process Corner
  Data Path Delay:        11.692ns  (logic 5.169ns (44.215%)  route 6.522ns (55.785%))
  Logic Levels:           4  (CARRY4=1 LUT5=2 OBUF=1)
  Clock Uncertainty:      0.025ns  ((TSJ^2 + TIJ^2)^1/2 + DJ) / 2 + PE
    Total System Jitter     (TSJ):    0.050ns
    Total Input Jitter      (TIJ):    0.000ns
    Discrete Jitter          (DJ):    0.000ns
    Phase Error              (PE):    0.000ns

    Location             Delay type                Incr(ns)  Path(ns)    Netlist Resource(s)
  -------------------------------------------------------------------    -------------------
                         (clock sys_clk_pin rise edge)
                                                      0.000     0.000 r  
    W5                                                0.000     0.000 r  clk (IN)
                         net (fo=0)                   0.000     0.000    clk
    W5                   IBUF (Prop_ibuf_I_O)         1.458     1.458 r  clk_IBUF_inst/O
                         net (fo=1, routed)           1.967     3.425    clk_IBUF
    BUFGCTRL_X0Y0        BUFG (Prop_bufg_I_O)         0.096     3.521 r  clk_IBUF_BUFG_inst/O
                         net (fo=98, routed)          1.631     5.152    paddle_counter/clk_IBUF_BUFG
    SLICE_X3Y15          FDRE                                         r  paddle_counter/count_reg_reg[3]/C
  -------------------------------------------------------------------    -------------------
    SLICE_X3Y15          FDRE (Prop_fdre_C_Q)         0.419     5.571 r  paddle_counter/count_reg_reg[3]/Q
                         net (fo=24, routed)          1.265     6.836    paddle_counter/position[3]
    SLICE_X6Y16          LUT5 (Prop_lut5_I3_O)        0.299     7.135 r  paddle_counter/vgaRed_OBUF[3]_inst_i_9/O
                         net (fo=1, routed)           0.471     7.606    paddle_counter/vgaRed_OBUF[3]_inst_i_9_n_0
    SLICE_X7Y16          CARRY4 (Prop_carry4_DI[0]_O[3])
                                                      0.615     8.221 r  paddle_counter/vgaRed_OBUF[3]_inst_i_3/O[3]
                         net (fo=1, routed)           0.777     8.999    paddle_counter/paddle_x_visible0
    SLICE_X3Y16          LUT5 (Prop_lut5_I2_O)        0.306     9.305 r  paddle_counter/vgaRed_OBUF[3]_inst_i_1/O
                         net (fo=12, routed)          4.009    13.314    vgaBlue_OBUF[0]
    D17                  OBUF (Prop_obuf_I_O)         3.530    16.844 r  vgaGreen_OBUF[3]_inst/O
                         net (fo=0)                   0.000    16.844    vgaGreen[3]
    D17                                                               r  vgaGreen[3] (OUT)
  -------------------------------------------------------------------    -------------------

Slack:                    inf
  Source:                 paddle_counter/count_reg_reg[3]/C
                            (rising edge-triggered cell FDRE clocked by sys_clk_pin  {rise@0.000ns fall@5.000ns period=10.000ns})
  Destination:            vgaRed[1]
                            (output port)
  Path Group:             (none)
  Path Type:              Max at Slow Process Corner
  Data Path Delay:        11.332ns  (logic 5.158ns (45.518%)  route 6.174ns (54.482%))
  Logic Levels:           4  (CARRY4=1 LUT5=2 OBUF=1)
  Clock Uncertainty:      0.025ns  ((TSJ^2 + TIJ^2)^1/2 + DJ) / 2 + PE
    Total System Jitter     (TSJ):    0.050ns
    Total Input Jitter      (TIJ):    0.000ns
    Discrete Jitter          (DJ):    0.000ns
    Phase Error              (PE):    0.000ns

    Location             Delay type                Incr(ns)  Path(ns)    Netlist Resource(s)
  -------------------------------------------------------------------    -------------------
                         (clock sys_clk_pin rise edge)
                                                      0.000     0.000 r  
    W5                                                0.000     0.000 r  clk (IN)
                         net (fo=0)                   0.000     0.000    clk
    W5                   IBUF (Prop_ibuf_I_O)         1.458     1.458 r  clk_IBUF_inst/O
                         net (fo=1, routed)           1.967     3.425    clk_IBUF
    BUFGCTRL_X0Y0        BUFG (Prop_bufg_I_O)         0.096     3.521 r  clk_IBUF_BUFG_inst/O
                         net (fo=98, routed)          1.631     5.152    paddle_counter/clk_IBUF_BUFG
    SLICE_X3Y15          FDRE                                         r  paddle_counter/count_reg_reg[3]/C
  -------------------------------------------------------------------    -------------------
    SLICE_X3Y15          FDRE (Prop_fdre_C_Q)         0.419     5.571 r  paddle_counter/count_reg_reg[3]/Q
                         net (fo=24, routed)          1.265     6.836    paddle_counter/position[3]
    SLICE_X6Y16          LUT5 (Prop_lut5_I3_O)        0.299     7.135 r  paddle_counter/vgaRed_OBUF[3]_inst_i_9/O
                         net (fo=1, routed)           0.471     7.606    paddle_counter/vgaRed_OBUF[3]_inst_i_9_n_0
    SLICE_X7Y16          CARRY4 (Prop_carry4_DI[0]_O[3])
                                                      0.615     8.221 r  paddle_counter/vgaRed_OBUF[3]_inst_i_3/O[3]
                         net (fo=1, routed)           0.777     8.999    paddle_counter/paddle_x_visible0
    SLICE_X3Y16          LUT5 (Prop_lut5_I2_O)        0.306     9.305 r  paddle_counter/vgaRed_OBUF[3]_inst_i_1/O
                         net (fo=12, routed)          3.661    12.965    vgaBlue_OBUF[0]
    H19                  OBUF (Prop_obuf_I_O)         3.519    16.485 r  vgaRed_OBUF[1]_inst/O
                         net (fo=0)                   0.000    16.485    vgaRed[1]
    H19                                                               r  vgaRed[1] (OUT)
  -------------------------------------------------------------------    -------------------

Slack:                    inf
  Source:                 paddle_counter/count_reg_reg[3]/C
                            (rising edge-triggered cell FDRE clocked by sys_clk_pin  {rise@0.000ns fall@5.000ns period=10.000ns})
  Destination:            vgaRed[0]
                            (output port)
  Path Group:             (none)
  Path Type:              Max at Slow Process Corner
  Data Path Delay:        11.196ns  (logic 5.163ns (46.113%)  route 6.033ns (53.887%))
  Logic Levels:           4  (CARRY4=1 LUT5=2 OBUF=1)
  Clock Uncertainty:      0.025ns  ((TSJ^2 + TIJ^2)^1/2 + DJ) / 2 + PE
    Total System Jitter     (TSJ):    0.050ns
    Total Input Jitter      (TIJ):    0.000ns
    Discrete Jitter          (DJ):    0.000ns
    Phase Error              (PE):    0.000ns

    Location             Delay type                Incr(ns)  Path(ns)    Netlist Resource(s)
  -------------------------------------------------------------------    -------------------
                         (clock sys_clk_pin rise edge)
                                                      0.000     0.000 r  
    W5                                                0.000     0.000 r  clk (IN)
                         net (fo=0)                   0.000     0.000    clk
    W5                   IBUF (Prop_ibuf_I_O)         1.458     1.458 r  clk_IBUF_inst/O
                         net (fo=1, routed)           1.967     3.425    clk_IBUF
    BUFGCTRL_X0Y0        BUFG (Prop_bufg_I_O)         0.096     3.521 r  clk_IBUF_BUFG_inst/O
                         net (fo=98, routed)          1.631     5.152    paddle_counter/clk_IBUF_BUFG
    SLICE_X3Y15          FDRE                                         r  paddle_counter/count_reg_reg[3]/C
  -------------------------------------------------------------------    -------------------
    SLICE_X3Y15          FDRE (Prop_fdre_C_Q)         0.419     5.571 r  paddle_counter/count_reg_reg[3]/Q
                         net (fo=24, routed)          1.265     6.836    paddle_counter/position[3]
    SLICE_X6Y16          LUT5 (Prop_lut5_I3_O)        0.299     7.135 r  paddle_counter/vgaRed_OBUF[3]_inst_i_9/O
                         net (fo=1, routed)           0.471     7.606    paddle_counter/vgaRed_OBUF[3]_inst_i_9_n_0
    SLICE_X7Y16          CARRY4 (Prop_carry4_DI[0]_O[3])
                                                      0.615     8.221 r  paddle_counter/vgaRed_OBUF[3]_inst_i_3/O[3]
                         net (fo=1, routed)           0.777     8.999    paddle_counter/paddle_x_visible0
    SLICE_X3Y16          LUT5 (Prop_lut5_I2_O)        0.306     9.305 r  paddle_counter/vgaRed_OBUF[3]_inst_i_1/O
                         net (fo=12, routed)          3.520    12.824    vgaBlue_OBUF[0]
    G19                  OBUF (Prop_obuf_I_O)         3.524    16.348 r  vgaRed_OBUF[0]_inst/O
                         net (fo=0)                   0.000    16.348    vgaRed[0]
    G19                                                               r  vgaRed[0] (OUT)
  -------------------------------------------------------------------    -------------------

Slack:                    inf
  Source:                 paddle_counter/count_reg_reg[3]/C
                            (rising edge-triggered cell FDRE clocked by sys_clk_pin  {rise@0.000ns fall@5.000ns period=10.000ns})
  Destination:            vgaGreen[1]
                            (output port)
  Path Group:             (none)
  Path Type:              Max at Slow Process Corner
  Data Path Delay:        11.017ns  (logic 5.144ns (46.697%)  route 5.872ns (53.303%))
  Logic Levels:           4  (CARRY4=1 LUT5=2 OBUF=1)
  Clock Uncertainty:      0.025ns  ((TSJ^2 + TIJ^2)^1/2 + DJ) / 2 + PE
    Total System Jitter     (TSJ):    0.050ns
    Total Input Jitter      (TIJ):    0.000ns
    Discrete Jitter          (DJ):    0.000ns
    Phase Error              (PE):    0.000ns

    Location             Delay type                Incr(ns)  Path(ns)    Netlist Resource(s)
  -------------------------------------------------------------------    -------------------
                         (clock sys_clk_pin rise edge)
                                                      0.000     0.000 r  
    W5                                                0.000     0.000 r  clk (IN)
                         net (fo=0)                   0.000     0.000    clk
    W5                   IBUF (Prop_ibuf_I_O)         1.458     1.458 r  clk_IBUF_inst/O
                         net (fo=1, routed)           1.967     3.425    clk_IBUF
    BUFGCTRL_X0Y0        BUFG (Prop_bufg_I_O)         0.096     3.521 r  clk_IBUF_BUFG_inst/O
                         net (fo=98, routed)          1.631     5.152    paddle_counter/clk_IBUF_BUFG
    SLICE_X3Y15          FDRE                                         r  paddle_counter/count_reg_reg[3]/C
  -------------------------------------------------------------------    -------------------
    SLICE_X3Y15          FDRE (Prop_fdre_C_Q)         0.419     5.571 r  paddle_counter/count_reg_reg[3]/Q
                         net (fo=24, routed)          1.265     6.836    paddle_counter/position[3]
    SLICE_X6Y16          LUT5 (Prop_lut5_I3_O)        0.299     7.135 r  paddle_counter/vgaRed_OBUF[3]_inst_i_9/O
                         net (fo=1, routed)           0.471     7.606    paddle_counter/vgaRed_OBUF[3]_inst_i_9_n_0
    SLICE_X7Y16          CARRY4 (Prop_carry4_DI[0]_O[3])
                                                      0.615     8.221 r  paddle_counter/vgaRed_OBUF[3]_inst_i_3/O[3]
                         net (fo=1, routed)           0.777     8.999    paddle_counter/paddle_x_visible0
    SLICE_X3Y16          LUT5 (Prop_lut5_I2_O)        0.306     9.305 r  paddle_counter/vgaRed_OBUF[3]_inst_i_1/O
                         net (fo=12, routed)          3.359    12.664    vgaBlue_OBUF[0]
    H17                  OBUF (Prop_obuf_I_O)         3.505    16.169 r  vgaGreen_OBUF[1]_inst/O
                         net (fo=0)                   0.000    16.169    vgaGreen[1]
    H17                                                               r  vgaGreen[1] (OUT)
  -------------------------------------------------------------------    -------------------

Slack:                    inf
  Source:                 paddle_counter/count_reg_reg[3]/C
                            (rising edge-triggered cell FDRE clocked by sys_clk_pin  {rise@0.000ns fall@5.000ns period=10.000ns})
  Destination:            vgaGreen[2]
                            (output port)
  Path Group:             (none)
  Path Type:              Max at Slow Process Corner
  Data Path Delay:        10.889ns  (logic 5.168ns (47.460%)  route 5.721ns (52.540%))
  Logic Levels:           4  (CARRY4=1 LUT5=2 OBUF=1)
  Clock Uncertainty:      0.025ns  ((TSJ^2 + TIJ^2)^1/2 + DJ) / 2 + PE
    Total System Jitter     (TSJ):    0.050ns
    Total Input Jitter      (TIJ):    0.000ns
    Discrete Jitter          (DJ):    0.000ns
    Phase Error              (PE):    0.000ns

    Location             Delay type                Incr(ns)  Path(ns)    Netlist Resource(s)
  -------------------------------------------------------------------    -------------------
                         (clock sys_clk_pin rise edge)
                                                      0.000     0.000 r  
    W5                                                0.000     0.000 r  clk (IN)
                         net (fo=0)                   0.000     0.000    clk
    W5                   IBUF (Prop_ibuf_I_O)         1.458     1.458 r  clk_IBUF_inst/O
                         net (fo=1, routed)           1.967     3.425    clk_IBUF
    BUFGCTRL_X0Y0        BUFG (Prop_bufg_I_O)         0.096     3.521 r  clk_IBUF_BUFG_inst/O
                         net (fo=98, routed)          1.631     5.152    paddle_counter/clk_IBUF_BUFG
    SLICE_X3Y15          FDRE                                         r  paddle_counter/count_reg_reg[3]/C
  -------------------------------------------------------------------    -------------------
    SLICE_X3Y15          FDRE (Prop_fdre_C_Q)         0.419     5.571 r  paddle_counter/count_reg_reg[3]/Q
                         net (fo=24, routed)          1.265     6.836    paddle_counter/position[3]
    SLICE_X6Y16          LUT5 (Prop_lut5_I3_O)        0.299     7.135 r  paddle_counter/vgaRed_OBUF[3]_inst_i_9/O
                         net (fo=1, routed)           0.471     7.606    paddle_counter/vgaRed_OBUF[3]_inst_i_9_n_0
    SLICE_X7Y16          CARRY4 (Prop_carry4_DI[0]_O[3])
                                                      0.615     8.221 r  paddle_counter/vgaRed_OBUF[3]_inst_i_3/O[3]
                         net (fo=1, routed)           0.777     8.999    paddle_counter/paddle_x_visible0
    SLICE_X3Y16          LUT5 (Prop_lut5_I2_O)        0.306     9.305 r  paddle_counter/vgaRed_OBUF[3]_inst_i_1/O
                         net (fo=12, routed)          3.208    12.513    vgaBlue_OBUF[0]
    G17                  OBUF (Prop_obuf_I_O)         3.529    16.042 r  vgaGreen_OBUF[2]_inst/O
                         net (fo=0)                   0.000    16.042    vgaGreen[2]
    G17                                                               r  vgaGreen[2] (OUT)
  -------------------------------------------------------------------    -------------------

Slack:                    inf
  Source:                 paddle_counter/count_reg_reg[3]/C
                            (rising edge-triggered cell FDRE clocked by sys_clk_pin  {rise@0.000ns fall@5.000ns period=10.000ns})
  Destination:            vgaRed[2]
                            (output port)
  Path Group:             (none)
  Path Type:              Max at Slow Process Corner
  Data Path Delay:        10.733ns  (logic 5.163ns (48.103%)  route 5.570ns (51.897%))
  Logic Levels:           4  (CARRY4=1 LUT5=2 OBUF=1)
  Clock Uncertainty:      0.025ns  ((TSJ^2 + TIJ^2)^1/2 + DJ) / 2 + PE
    Total System Jitter     (TSJ):    0.050ns
    Total Input Jitter      (TIJ):    0.000ns
    Discrete Jitter          (DJ):    0.000ns
    Phase Error              (PE):    0.000ns

    Location             Delay type                Incr(ns)  Path(ns)    Netlist Resource(s)
  -------------------------------------------------------------------    -------------------
                         (clock sys_clk_pin rise edge)
                                                      0.000     0.000 r  
    W5                                                0.000     0.000 r  clk (IN)
                         net (fo=0)                   0.000     0.000    clk
    W5                   IBUF (Prop_ibuf_I_O)         1.458     1.458 r  clk_IBUF_inst/O
                         net (fo=1, routed)           1.967     3.425    clk_IBUF
    BUFGCTRL_X0Y0        BUFG (Prop_bufg_I_O)         0.096     3.521 r  clk_IBUF_BUFG_inst/O
                         net (fo=98, routed)          1.631     5.152    paddle_counter/clk_IBUF_BUFG
    SLICE_X3Y15          FDRE                                         r  paddle_counter/count_reg_reg[3]/C
  -------------------------------------------------------------------    -------------------
    SLICE_X3Y15          FDRE (Prop_fdre_C_Q)         0.419     5.571 r  paddle_counter/count_reg_reg[3]/Q
                         net (fo=24, routed)          1.265     6.836    paddle_counter/position[3]
    SLICE_X6Y16          LUT5 (Prop_lut5_I3_O)        0.299     7.135 r  paddle_counter/vgaRed_OBUF[3]_inst_i_9/O
                         net (fo=1, routed)           0.471     7.606    paddle_counter/vgaRed_OBUF[3]_inst_i_9_n_0
    SLICE_X7Y16          CARRY4 (Prop_carry4_DI[0]_O[3])
                                                      0.615     8.221 r  paddle_counter/vgaRed_OBUF[3]_inst_i_3/O[3]
                         net (fo=1, routed)           0.777     8.999    paddle_counter/paddle_x_visible0
    SLICE_X3Y16          LUT5 (Prop_lut5_I2_O)        0.306     9.305 r  paddle_counter/vgaRed_OBUF[3]_inst_i_1/O
                         net (fo=12, routed)          3.057    12.361    vgaBlue_OBUF[0]
    J19                  OBUF (Prop_obuf_I_O)         3.524    15.885 r  vgaRed_OBUF[2]_inst/O
                         net (fo=0)                   0.000    15.885    vgaRed[2]
    J19                                                               r  vgaRed[2] (OUT)
  -------------------------------------------------------------------    -------------------

Slack:                    inf
  Source:                 paddle_counter/count_reg_reg[3]/C
                            (rising edge-triggered cell FDRE clocked by sys_clk_pin  {rise@0.000ns fall@5.000ns period=10.000ns})
  Destination:            vgaGreen[0]
                            (output port)
  Path Group:             (none)
  Path Type:              Max at Slow Process Corner
  Data Path Delay:        10.579ns  (logic 5.160ns (48.775%)  route 5.419ns (51.225%))
  Logic Levels:           4  (CARRY4=1 LUT5=2 OBUF=1)
  Clock Uncertainty:      0.025ns  ((TSJ^2 + TIJ^2)^1/2 + DJ) / 2 + PE
    Total System Jitter     (TSJ):    0.050ns
    Total Input Jitter      (TIJ):    0.000ns
    Discrete Jitter          (DJ):    0.000ns
    Phase Error              (PE):    0.000ns

    Location             Delay type                Incr(ns)  Path(ns)    Netlist Resource(s)
  -------------------------------------------------------------------    -------------------
                         (clock sys_clk_pin rise edge)
                                                      0.000     0.000 r  
    W5                                                0.000     0.000 r  clk (IN)
                         net (fo=0)                   0.000     0.000    clk
    W5                   IBUF (Prop_ibuf_I_O)         1.458     1.458 r  clk_IBUF_inst/O
                         net (fo=1, routed)           1.967     3.425    clk_IBUF
    BUFGCTRL_X0Y0        BUFG (Prop_bufg_I_O)         0.096     3.521 r  clk_IBUF_BUFG_inst/O
                         net (fo=98, routed)          1.631     5.152    paddle_counter/clk_IBUF_BUFG
    SLICE_X3Y15          FDRE                                         r  paddle_counter/count_reg_reg[3]/C
  -------------------------------------------------------------------    -------------------
    SLICE_X3Y15          FDRE (Prop_fdre_C_Q)         0.419     5.571 r  paddle_counter/count_reg_reg[3]/Q
                         net (fo=24, routed)          1.265     6.836    paddle_counter/position[3]
    SLICE_X6Y16          LUT5 (Prop_lut5_I3_O)        0.299     7.135 r  paddle_counter/vgaRed_OBUF[3]_inst_i_9/O
                         net (fo=1, routed)           0.471     7.606    paddle_counter/vgaRed_OBUF[3]_inst_i_9_n_0
    SLICE_X7Y16          CARRY4 (Prop_carry4_DI[0]_O[3])
                                                      0.615     8.221 r  paddle_counter/vgaRed_OBUF[3]_inst_i_3/O[3]
                         net (fo=1, routed)           0.777     8.999    paddle_counter/paddle_x_visible0
    SLICE_X3Y16          LUT5 (Prop_lut5_I2_O)        0.306     9.305 r  paddle_counter/vgaRed_OBUF[3]_inst_i_1/O
                         net (fo=12, routed)          2.906    12.210    vgaBlue_OBUF[0]
    J17                  OBUF (Prop_obuf_I_O)         3.521    15.731 r  vgaGreen_OBUF[0]_inst/O
                         net (fo=0)                   0.000    15.731    vgaGreen[0]
    J17                                                               r  vgaGreen[0] (OUT)
  -------------------------------------------------------------------    -------------------

Slack:                    inf
  Source:                 paddle_counter/count_reg_reg[3]/C
                            (rising edge-triggered cell FDRE clocked by sys_clk_pin  {rise@0.000ns fall@5.000ns period=10.000ns})
  Destination:            vgaBlue[3]
                            (output port)
  Path Group:             (none)
  Path Type:              Max at Slow Process Corner
  Data Path Delay:        10.432ns  (logic 5.164ns (49.499%)  route 5.268ns (50.501%))
  Logic Levels:           4  (CARRY4=1 LUT5=2 OBUF=1)
  Clock Uncertainty:      0.025ns  ((TSJ^2 + TIJ^2)^1/2 + DJ) / 2 + PE
    Total System Jitter     (TSJ):    0.050ns
    Total Input Jitter      (TIJ):    0.000ns
    Discrete Jitter          (DJ):    0.000ns
    Phase Error              (PE):    0.000ns

    Location             Delay type                Incr(ns)  Path(ns)    Netlist Resource(s)
  -------------------------------------------------------------------    -------------------
                         (clock sys_clk_pin rise edge)
                                                      0.000     0.000 r  
    W5                                                0.000     0.000 r  clk (IN)
                         net (fo=0)                   0.000     0.000    clk
    W5                   IBUF (Prop_ibuf_I_O)         1.458     1.458 r  clk_IBUF_inst/O
                         net (fo=1, routed)           1.967     3.425    clk_IBUF
    BUFGCTRL_X0Y0        BUFG (Prop_bufg_I_O)         0.096     3.521 r  clk_IBUF_BUFG_inst/O
                         net (fo=98, routed)          1.631     5.152    paddle_counter/clk_IBUF_BUFG
    SLICE_X3Y15          FDRE                                         r  paddle_counter/count_reg_reg[3]/C
  -------------------------------------------------------------------    -------------------
    SLICE_X3Y15          FDRE (Prop_fdre_C_Q)         0.419     5.571 r  paddle_counter/count_reg_reg[3]/Q
                         net (fo=24, routed)          1.265     6.836    paddle_counter/position[3]
    SLICE_X6Y16          LUT5 (Prop_lut5_I3_O)        0.299     7.135 r  paddle_counter/vgaRed_OBUF[3]_inst_i_9/O
                         net (fo=1, routed)           0.471     7.606    paddle_counter/vgaRed_OBUF[3]_inst_i_9_n_0
    SLICE_X7Y16          CARRY4 (Prop_carry4_DI[0]_O[3])
                                                      0.615     8.221 r  paddle_counter/vgaRed_OBUF[3]_inst_i_3/O[3]
                         net (fo=1, routed)           0.777     8.999    paddle_counter/paddle_x_visible0
    SLICE_X3Y16          LUT5 (Prop_lut5_I2_O)        0.306     9.305 r  paddle_counter/vgaRed_OBUF[3]_inst_i_1/O
                         net (fo=12, routed)          2.755    12.059    vgaBlue_OBUF[0]
    J18                  OBUF (Prop_obuf_I_O)         3.525    15.584 r  vgaBlue_OBUF[3]_inst/O
                         net (fo=0)                   0.000    15.584    vgaBlue[3]
    J18                                                               r  vgaBlue[3] (OUT)
  -------------------------------------------------------------------    -------------------

Slack:                    inf
  Source:                 paddle_counter/count_reg_reg[3]/C
                            (rising edge-triggered cell FDRE clocked by sys_clk_pin  {rise@0.000ns fall@5.000ns period=10.000ns})
  Destination:            vgaBlue[1]
                            (output port)
  Path Group:             (none)
  Path Type:              Max at Slow Process Corner
  Data Path Delay:        10.260ns  (logic 5.142ns (50.122%)  route 5.117ns (49.878%))
  Logic Levels:           4  (CARRY4=1 LUT5=2 OBUF=1)
  Clock Uncertainty:      0.025ns  ((TSJ^2 + TIJ^2)^1/2 + DJ) / 2 + PE
    Total System Jitter     (TSJ):    0.050ns
    Total Input Jitter      (TIJ):    0.000ns
    Discrete Jitter          (DJ):    0.000ns
    Phase Error              (PE):    0.000ns

    Location             Delay type                Incr(ns)  Path(ns)    Netlist Resource(s)
  -------------------------------------------------------------------    -------------------
                         (clock sys_clk_pin rise edge)
                                                      0.000     0.000 r  
    W5                                                0.000     0.000 r  clk (IN)
                         net (fo=0)                   0.000     0.000    clk
    W5                   IBUF (Prop_ibuf_I_O)         1.458     1.458 r  clk_IBUF_inst/O
                         net (fo=1, routed)           1.967     3.425    clk_IBUF
    BUFGCTRL_X0Y0        BUFG (Prop_bufg_I_O)         0.096     3.521 r  clk_IBUF_BUFG_inst/O
                         net (fo=98, routed)          1.631     5.152    paddle_counter/clk_IBUF_BUFG
    SLICE_X3Y15          FDRE                                         r  paddle_counter/count_reg_reg[3]/C
  -------------------------------------------------------------------    -------------------
    SLICE_X3Y15          FDRE (Prop_fdre_C_Q)         0.419     5.571 r  paddle_counter/count_reg_reg[3]/Q
                         net (fo=24, routed)          1.265     6.836    paddle_counter/position[3]
    SLICE_X6Y16          LUT5 (Prop_lut5_I3_O)        0.299     7.135 r  paddle_counter/vgaRed_OBUF[3]_inst_i_9/O
                         net (fo=1, routed)           0.471     7.606    paddle_counter/vgaRed_OBUF[3]_inst_i_9_n_0
    SLICE_X7Y16          CARRY4 (Prop_carry4_DI[0]_O[3])
                                                      0.615     8.221 r  paddle_counter/vgaRed_OBUF[3]_inst_i_3/O[3]
                         net (fo=1, routed)           0.777     8.999    paddle_counter/paddle_x_visible0
    SLICE_X3Y16          LUT5 (Prop_lut5_I2_O)        0.306     9.305 r  paddle_counter/vgaRed_OBUF[3]_inst_i_1/O
                         net (fo=12, routed)          2.604    11.909    vgaBlue_OBUF[0]
    L18                  OBUF (Prop_obuf_I_O)         3.503    15.412 r  vgaBlue_OBUF[1]_inst/O
                         net (fo=0)                   0.000    15.412    vgaBlue[1]
    L18                                                               r  vgaBlue[1] (OUT)
  -------------------------------------------------------------------    -------------------

Slack:                    inf
  Source:                 paddle_counter/count_reg_reg[3]/C
                            (rising edge-triggered cell FDRE clocked by sys_clk_pin  {rise@0.000ns fall@5.000ns period=10.000ns})
  Destination:            vgaBlue[2]
                            (output port)
  Path Group:             (none)
  Path Type:              Max at Slow Process Corner
  Data Path Delay:        10.124ns  (logic 5.158ns (50.946%)  route 4.966ns (49.055%))
  Logic Levels:           4  (CARRY4=1 LUT5=2 OBUF=1)
  Clock Uncertainty:      0.025ns  ((TSJ^2 + TIJ^2)^1/2 + DJ) / 2 + PE
    Total System Jitter     (TSJ):    0.050ns
    Total Input Jitter      (TIJ):    0.000ns
    Discrete Jitter          (DJ):    0.000ns
    Phase Error              (PE):    0.000ns

    Location             Delay type                Incr(ns)  Path(ns)    Netlist Resource(s)
  -------------------------------------------------------------------    -------------------
                         (clock sys_clk_pin rise edge)
                                                      0.000     0.000 r  
    W5                                                0.000     0.000 r  clk (IN)
                         net (fo=0)                   0.000     0.000    clk
    W5                   IBUF (Prop_ibuf_I_O)         1.458     1.458 r  clk_IBUF_inst/O
                         net (fo=1, routed)           1.967     3.425    clk_IBUF
    BUFGCTRL_X0Y0        BUFG (Prop_bufg_I_O)         0.096     3.521 r  clk_IBUF_BUFG_inst/O
                         net (fo=98, routed)          1.631     5.152    paddle_counter/clk_IBUF_BUFG
    SLICE_X3Y15          FDRE                                         r  paddle_counter/count_reg_reg[3]/C
  -------------------------------------------------------------------    -------------------
    SLICE_X3Y15          FDRE (Prop_fdre_C_Q)         0.419     5.571 r  paddle_counter/count_reg_reg[3]/Q
                         net (fo=24, routed)          1.265     6.836    paddle_counter/position[3]
    SLICE_X6Y16          LUT5 (Prop_lut5_I3_O)        0.299     7.135 r  paddle_counter/vgaRed_OBUF[3]_inst_i_9/O
                         net (fo=1, routed)           0.471     7.606    paddle_counter/vgaRed_OBUF[3]_inst_i_9_n_0
    SLICE_X7Y16          CARRY4 (Prop_carry4_DI[0]_O[3])
                                                      0.615     8.221 r  paddle_counter/vgaRed_OBUF[3]_inst_i_3/O[3]
                         net (fo=1, routed)           0.777     8.999    paddle_counter/paddle_x_visible0
    SLICE_X3Y16          LUT5 (Prop_lut5_I2_O)        0.306     9.305 r  paddle_counter/vgaRed_OBUF[3]_inst_i_1/O
                         net (fo=12, routed)          2.453    11.758    vgaBlue_OBUF[0]
    K18                  OBUF (Prop_obuf_I_O)         3.519    15.276 r  vgaBlue_OBUF[2]_inst/O
                         net (fo=0)                   0.000    15.276    vgaBlue[2]
    K18                                                               r  vgaBlue[2] (OUT)
  -------------------------------------------------------------------    -------------------





Min Delay Paths
--------------------------------------------------------------------------------------
Slack:                    inf
  Source:                 y_scan_reg[8]/C
                            (rising edge-triggered cell FDRE clocked by sys_clk_pin  {rise@0.000ns fall@5.000ns period=10.000ns})
  Destination:            Vsync
                            (output port)
  Path Group:             (none)
  Path Type:              Min at Fast Process Corner
  Data Path Delay:        2.070ns  (logic 1.390ns (67.159%)  route 0.680ns (32.841%))
  Logic Levels:           2  (LUT6=1 OBUF=1)
  Clock Uncertainty:      0.025ns  ((TSJ^2 + TIJ^2)^1/2 + DJ) / 2 + PE
    Total System Jitter     (TSJ):    0.050ns
    Total Input Jitter      (TIJ):    0.000ns
    Discrete Jitter          (DJ):    0.000ns
    Phase Error              (PE):    0.000ns

    Location             Delay type                Incr(ns)  Path(ns)    Netlist Resource(s)
  -------------------------------------------------------------------    -------------------
                         (clock sys_clk_pin rise edge)
                                                      0.000     0.000 r  
    W5                                                0.000     0.000 r  clk (IN)
                         net (fo=0)                   0.000     0.000    clk
    W5                   IBUF (Prop_ibuf_I_O)         0.226     0.226 r  clk_IBUF_inst/O
                         net (fo=1, routed)           0.631     0.858    clk_IBUF
    BUFGCTRL_X0Y0        BUFG (Prop_bufg_I_O)         0.026     0.884 r  clk_IBUF_BUFG_inst/O
                         net (fo=98, routed)          0.589     1.472    clk_IBUF_BUFG
    SLICE_X3Y17          FDRE                                         r  y_scan_reg[8]/C
  -------------------------------------------------------------------    -------------------
    SLICE_X3Y17          FDRE (Prop_fdre_C_Q)         0.141     1.613 f  y_scan_reg[8]/Q
                         net (fo=5, routed)           0.155     1.768    y_scan_reg_n_0_[8]
    SLICE_X3Y17          LUT6 (Prop_lut6_I1_O)        0.045     1.813 r  Vsync_OBUF_inst_i_1/O
                         net (fo=1, routed)           0.525     2.338    Vsync_OBUF
    R19                  OBUF (Prop_obuf_I_O)         1.204     3.543 r  Vsync_OBUF_inst/O
                         net (fo=0)                   0.000     3.543    Vsync
    R19                                                               r  Vsync (OUT)
  -------------------------------------------------------------------    -------------------

Slack:                    inf
  Source:                 y_scan_reg[9]/C
                            (rising edge-triggered cell FDRE clocked by sys_clk_pin  {rise@0.000ns fall@5.000ns period=10.000ns})
  Destination:            vgaRed[3]
                            (output port)
  Path Group:             (none)
  Path Type:              Min at Fast Process Corner
  Data Path Delay:        2.132ns  (logic 1.431ns (67.107%)  route 0.701ns (32.893%))
  Logic Levels:           2  (LUT5=1 OBUF=1)
  Clock Uncertainty:      0.025ns  ((TSJ^2 + TIJ^2)^1/2 + DJ) / 2 + PE
    Total System Jitter     (TSJ):    0.050ns
    Total Input Jitter      (TIJ):    0.000ns
    Discrete Jitter          (DJ):    0.000ns
    Phase Error              (PE):    0.000ns

    Location             Delay type                Incr(ns)  Path(ns)    Netlist Resource(s)
  -------------------------------------------------------------------    -------------------
                         (clock sys_clk_pin rise edge)
                                                      0.000     0.000 r  
    W5                                                0.000     0.000 r  clk (IN)
                         net (fo=0)                   0.000     0.000    clk
    W5                   IBUF (Prop_ibuf_I_O)         0.226     0.226 r  clk_IBUF_inst/O
                         net (fo=1, routed)           0.631     0.858    clk_IBUF
    BUFGCTRL_X0Y0        BUFG (Prop_bufg_I_O)         0.026     0.884 r  clk_IBUF_BUFG_inst/O
                         net (fo=98, routed)          0.589     1.472    clk_IBUF_BUFG
    SLICE_X3Y17          FDRE                                         r  y_scan_reg[9]/C
  -------------------------------------------------------------------    -------------------
    SLICE_X3Y17          FDRE (Prop_fdre_C_Q)         0.128     1.600 f  y_scan_reg[9]/Q
                         net (fo=4, routed)           0.131     1.731    paddle_counter/vgaBlue[0]
    SLICE_X3Y16          LUT5 (Prop_lut5_I1_O)        0.099     1.830 r  paddle_counter/vgaRed_OBUF[3]_inst_i_1/O
                         net (fo=12, routed)          0.570     2.400    vgaBlue_OBUF[0]
    N19                  OBUF (Prop_obuf_I_O)         1.204     3.604 r  vgaRed_OBUF[3]_inst/O
                         net (fo=0)                   0.000     3.604    vgaRed[3]
    N19                                                               r  vgaRed[3] (OUT)
  -------------------------------------------------------------------    -------------------

Slack:                    inf
  Source:                 y_scan_reg[9]/C
                            (rising edge-triggered cell FDRE clocked by sys_clk_pin  {rise@0.000ns fall@5.000ns period=10.000ns})
  Destination:            vgaBlue[0]
                            (output port)
  Path Group:             (none)
  Path Type:              Min at Fast Process Corner
  Data Path Delay:        2.190ns  (logic 1.424ns (65.011%)  route 0.766ns (34.989%))
  Logic Levels:           2  (LUT5=1 OBUF=1)
  Clock Uncertainty:      0.025ns  ((TSJ^2 + TIJ^2)^1/2 + DJ) / 2 + PE
    Total System Jitter     (TSJ):    0.050ns
    Total Input Jitter      (TIJ):    0.000ns
    Discrete Jitter          (DJ):    0.000ns
    Phase Error              (PE):    0.000ns

    Location             Delay type                Incr(ns)  Path(ns)    Netlist Resource(s)
  -------------------------------------------------------------------    -------------------
                         (clock sys_clk_pin rise edge)
                                                      0.000     0.000 r  
    W5                                                0.000     0.000 r  clk (IN)
                         net (fo=0)                   0.000     0.000    clk
    W5                   IBUF (Prop_ibuf_I_O)         0.226     0.226 r  clk_IBUF_inst/O
                         net (fo=1, routed)           0.631     0.858    clk_IBUF
    BUFGCTRL_X0Y0        BUFG (Prop_bufg_I_O)         0.026     0.884 r  clk_IBUF_BUFG_inst/O
                         net (fo=98, routed)          0.589     1.472    clk_IBUF_BUFG
    SLICE_X3Y17          FDRE                                         r  y_scan_reg[9]/C
  -------------------------------------------------------------------    -------------------
    SLICE_X3Y17          FDRE (Prop_fdre_C_Q)         0.128     1.600 f  y_scan_reg[9]/Q
                         net (fo=4, routed)           0.131     1.731    paddle_counter/vgaBlue[0]
    SLICE_X3Y16          LUT5 (Prop_lut5_I1_O)        0.099     1.830 r  paddle_counter/vgaRed_OBUF[3]_inst_i_1/O
                         net (fo=12, routed)          0.635     2.465    vgaBlue_OBUF[0]
    N18                  OBUF (Prop_obuf_I_O)         1.197     3.662 r  vgaBlue_OBUF[0]_inst/O
                         net (fo=0)                   0.000     3.662    vgaBlue[0]
    N18                                                               r  vgaBlue[0] (OUT)
  -------------------------------------------------------------------    -------------------

Slack:                    inf
  Source:                 x_scan_reg[9]/C
                            (rising edge-triggered cell FDRE clocked by sys_clk_pin  {rise@0.000ns fall@5.000ns period=10.000ns})
  Destination:            Hsync
                            (output port)
  Path Group:             (none)
  Path Type:              Min at Fast Process Corner
  Data Path Delay:        2.279ns  (logic 1.470ns (64.500%)  route 0.809ns (35.500%))
  Logic Levels:           2  (LUT4=1 OBUF=1)
  Clock Uncertainty:      0.025ns  ((TSJ^2 + TIJ^2)^1/2 + DJ) / 2 + PE
    Total System Jitter     (TSJ):    0.050ns
    Total Input Jitter      (TIJ):    0.000ns
    Discrete Jitter          (DJ):    0.000ns
    Phase Error              (PE):    0.000ns

    Location             Delay type                Incr(ns)  Path(ns)    Netlist Resource(s)
  -------------------------------------------------------------------    -------------------
                         (clock sys_clk_pin rise edge)
                                                      0.000     0.000 r  
    W5                                                0.000     0.000 r  clk (IN)
                         net (fo=0)                   0.000     0.000    clk
    W5                   IBUF (Prop_ibuf_I_O)         0.226     0.226 r  clk_IBUF_inst/O
                         net (fo=1, routed)           0.631     0.858    clk_IBUF
    BUFGCTRL_X0Y0        BUFG (Prop_bufg_I_O)         0.026     0.884 r  clk_IBUF_BUFG_inst/O
                         net (fo=98, routed)          0.588     1.471    clk_IBUF_BUFG
    SLICE_X6Y16          FDRE                                         r  x_scan_reg[9]/C
  -------------------------------------------------------------------    -------------------
    SLICE_X6Y16          FDRE (Prop_fdre_C_Q)         0.164     1.635 f  x_scan_reg[9]/Q
                         net (fo=8, routed)           0.215     1.850    x_scan_reg_n_0_[9]
    SLICE_X5Y16          LUT4 (Prop_lut4_I1_O)        0.046     1.896 r  Hsync_OBUF_inst_i_1/O
                         net (fo=1, routed)           0.594     2.490    Hsync_OBUF
    P19                  OBUF (Prop_obuf_I_O)         1.260     3.750 r  Hsync_OBUF_inst/O
                         net (fo=0)                   0.000     3.750    Hsync
    P19                                                               r  Hsync (OUT)
  -------------------------------------------------------------------    -------------------

Slack:                    inf
  Source:                 y_scan_reg[9]/C
                            (rising edge-triggered cell FDRE clocked by sys_clk_pin  {rise@0.000ns fall@5.000ns period=10.000ns})
  Destination:            vgaBlue[2]
                            (output port)
  Path Group:             (none)
  Path Type:              Min at Fast Process Corner
  Data Path Delay:        2.278ns  (logic 1.447ns (63.515%)  route 0.831ns (36.485%))
  Logic Levels:           2  (LUT5=1 OBUF=1)
  Clock Uncertainty:      0.025ns  ((TSJ^2 + TIJ^2)^1/2 + DJ) / 2 + PE
    Total System Jitter     (TSJ):    0.050ns
    Total Input Jitter      (TIJ):    0.000ns
    Discrete Jitter          (DJ):    0.000ns
    Phase Error              (PE):    0.000ns

    Location             Delay type                Incr(ns)  Path(ns)    Netlist Resource(s)
  -------------------------------------------------------------------    -------------------
                         (clock sys_clk_pin rise edge)
                                                      0.000     0.000 r  
    W5                                                0.000     0.000 r  clk (IN)
                         net (fo=0)                   0.000     0.000    clk
    W5                   IBUF (Prop_ibuf_I_O)         0.226     0.226 r  clk_IBUF_inst/O
                         net (fo=1, routed)           0.631     0.858    clk_IBUF
    BUFGCTRL_X0Y0        BUFG (Prop_bufg_I_O)         0.026     0.884 r  clk_IBUF_BUFG_inst/O
                         net (fo=98, routed)          0.589     1.472    clk_IBUF_BUFG
    SLICE_X3Y17          FDRE                                         r  y_scan_reg[9]/C
  -------------------------------------------------------------------    -------------------
    SLICE_X3Y17          FDRE (Prop_fdre_C_Q)         0.128     1.600 f  y_scan_reg[9]/Q
                         net (fo=4, routed)           0.131     1.731    paddle_counter/vgaBlue[0]
    SLICE_X3Y16          LUT5 (Prop_lut5_I1_O)        0.099     1.830 r  paddle_counter/vgaRed_OBUF[3]_inst_i_1/O
                         net (fo=12, routed)          0.700     2.530    vgaBlue_OBUF[0]
    K18                  OBUF (Prop_obuf_I_O)         1.220     3.750 r  vgaBlue_OBUF[2]_inst/O
                         net (fo=0)                   0.000     3.750    vgaBlue[2]
    K18                                                               r  vgaBlue[2] (OUT)
  -------------------------------------------------------------------    -------------------

Slack:                    inf
  Source:                 y_scan_reg[9]/C
                            (rising edge-triggered cell FDRE clocked by sys_clk_pin  {rise@0.000ns fall@5.000ns period=10.000ns})
  Destination:            vgaBlue[1]
                            (output port)
  Path Group:             (none)
  Path Type:              Min at Fast Process Corner
  Data Path Delay:        2.327ns  (logic 1.432ns (61.505%)  route 0.896ns (38.495%))
  Logic Levels:           2  (LUT5=1 OBUF=1)
  Clock Uncertainty:      0.025ns  ((TSJ^2 + TIJ^2)^1/2 + DJ) / 2 + PE
    Total System Jitter     (TSJ):    0.050ns
    Total Input Jitter      (TIJ):    0.000ns
    Discrete Jitter          (DJ):    0.000ns
    Phase Error              (PE):    0.000ns

    Location             Delay type                Incr(ns)  Path(ns)    Netlist Resource(s)
  -------------------------------------------------------------------    -------------------
                         (clock sys_clk_pin rise edge)
                                                      0.000     0.000 r  
    W5                                                0.000     0.000 r  clk (IN)
                         net (fo=0)                   0.000     0.000    clk
    W5                   IBUF (Prop_ibuf_I_O)         0.226     0.226 r  clk_IBUF_inst/O
                         net (fo=1, routed)           0.631     0.858    clk_IBUF
    BUFGCTRL_X0Y0        BUFG (Prop_bufg_I_O)         0.026     0.884 r  clk_IBUF_BUFG_inst/O
                         net (fo=98, routed)          0.589     1.472    clk_IBUF_BUFG
    SLICE_X3Y17          FDRE                                         r  y_scan_reg[9]/C
  -------------------------------------------------------------------    -------------------
    SLICE_X3Y17          FDRE (Prop_fdre_C_Q)         0.128     1.600 f  y_scan_reg[9]/Q
                         net (fo=4, routed)           0.131     1.731    paddle_counter/vgaBlue[0]
    SLICE_X3Y16          LUT5 (Prop_lut5_I1_O)        0.099     1.830 r  paddle_counter/vgaRed_OBUF[3]_inst_i_1/O
                         net (fo=12, routed)          0.765     2.595    vgaBlue_OBUF[0]
    L18                  OBUF (Prop_obuf_I_O)         1.205     3.800 r  vgaBlue_OBUF[1]_inst/O
                         net (fo=0)                   0.000     3.800    vgaBlue[1]
    L18                                                               r  vgaBlue[1] (OUT)
  -------------------------------------------------------------------    -------------------

Slack:                    inf
  Source:                 y_scan_reg[9]/C
                            (rising edge-triggered cell FDRE clocked by sys_clk_pin  {rise@0.000ns fall@5.000ns period=10.000ns})
  Destination:            vgaBlue[3]
                            (output port)
  Path Group:             (none)
  Path Type:              Min at Fast Process Corner
  Data Path Delay:        2.414ns  (logic 1.453ns (60.188%)  route 0.961ns (39.812%))
  Logic Levels:           2  (LUT5=1 OBUF=1)
  Clock Uncertainty:      0.025ns  ((TSJ^2 + TIJ^2)^1/2 + DJ) / 2 + PE
    Total System Jitter     (TSJ):    0.050ns
    Total Input Jitter      (TIJ):    0.000ns
    Discrete Jitter          (DJ):    0.000ns
    Phase Error              (PE):    0.000ns

    Location             Delay type                Incr(ns)  Path(ns)    Netlist Resource(s)
  -------------------------------------------------------------------    -------------------
                         (clock sys_clk_pin rise edge)
                                                      0.000     0.000 r  
    W5                                                0.000     0.000 r  clk (IN)
                         net (fo=0)                   0.000     0.000    clk
    W5                   IBUF (Prop_ibuf_I_O)         0.226     0.226 r  clk_IBUF_inst/O
                         net (fo=1, routed)           0.631     0.858    clk_IBUF
    BUFGCTRL_X0Y0        BUFG (Prop_bufg_I_O)         0.026     0.884 r  clk_IBUF_BUFG_inst/O
                         net (fo=98, routed)          0.589     1.472    clk_IBUF_BUFG
    SLICE_X3Y17          FDRE                                         r  y_scan_reg[9]/C
  -------------------------------------------------------------------    -------------------
    SLICE_X3Y17          FDRE (Prop_fdre_C_Q)         0.128     1.600 f  y_scan_reg[9]/Q
                         net (fo=4, routed)           0.131     1.731    paddle_counter/vgaBlue[0]
    SLICE_X3Y16          LUT5 (Prop_lut5_I1_O)        0.099     1.830 r  paddle_counter/vgaRed_OBUF[3]_inst_i_1/O
                         net (fo=12, routed)          0.830     2.660    vgaBlue_OBUF[0]
    J18                  OBUF (Prop_obuf_I_O)         1.226     3.886 r  vgaBlue_OBUF[3]_inst/O
                         net (fo=0)                   0.000     3.886    vgaBlue[3]
    J18                                                               r  vgaBlue[3] (OUT)
  -------------------------------------------------------------------    -------------------

Slack:                    inf
  Source:                 y_scan_reg[9]/C
                            (rising edge-triggered cell FDRE clocked by sys_clk_pin  {rise@0.000ns fall@5.000ns period=10.000ns})
  Destination:            vgaGreen[0]
                            (output port)
  Path Group:             (none)
  Path Type:              Min at Fast Process Corner
  Data Path Delay:        2.475ns  (logic 1.449ns (58.548%)  route 1.026ns (41.452%))
  Logic Levels:           2  (LUT5=1 OBUF=1)
  Clock Uncertainty:      0.025ns  ((TSJ^2 + TIJ^2)^1/2 + DJ) / 2 + PE
    Total System Jitter     (TSJ):    0.050ns
    Total Input Jitter      (TIJ):    0.000ns
    Discrete Jitter          (DJ):    0.000ns
    Phase Error              (PE):    0.000ns

    Location             Delay type                Incr(ns)  Path(ns)    Netlist Resource(s)
  -------------------------------------------------------------------    -------------------
                         (clock sys_clk_pin rise edge)
                                                      0.000     0.000 r  
    W5                                                0.000     0.000 r  clk (IN)
                         net (fo=0)                   0.000     0.000    clk
    W5                   IBUF (Prop_ibuf_I_O)         0.226     0.226 r  clk_IBUF_inst/O
                         net (fo=1, routed)           0.631     0.858    clk_IBUF
    BUFGCTRL_X0Y0        BUFG (Prop_bufg_I_O)         0.026     0.884 r  clk_IBUF_BUFG_inst/O
                         net (fo=98, routed)          0.589     1.472    clk_IBUF_BUFG
    SLICE_X3Y17          FDRE                                         r  y_scan_reg[9]/C
  -------------------------------------------------------------------    -------------------
    SLICE_X3Y17          FDRE (Prop_fdre_C_Q)         0.128     1.600 f  y_scan_reg[9]/Q
                         net (fo=4, routed)           0.131     1.731    paddle_counter/vgaBlue[0]
    SLICE_X3Y16          LUT5 (Prop_lut5_I1_O)        0.099     1.830 r  paddle_counter/vgaRed_OBUF[3]_inst_i_1/O
                         net (fo=12, routed)          0.895     2.725    vgaBlue_OBUF[0]
    J17                  OBUF (Prop_obuf_I_O)         1.222     3.947 r  vgaGreen_OBUF[0]_inst/O
                         net (fo=0)                   0.000     3.947    vgaGreen[0]
    J17                                                               r  vgaGreen[0] (OUT)
  -------------------------------------------------------------------    -------------------

Slack:                    inf
  Source:                 y_scan_reg[9]/C
                            (rising edge-triggered cell FDRE clocked by sys_clk_pin  {rise@0.000ns fall@5.000ns period=10.000ns})
  Destination:            vgaRed[2]
                            (output port)
  Path Group:             (none)
  Path Type:              Min at Fast Process Corner
  Data Path Delay:        2.543ns  (logic 1.452ns (57.101%)  route 1.091ns (42.899%))
  Logic Levels:           2  (LUT5=1 OBUF=1)
  Clock Uncertainty:      0.025ns  ((TSJ^2 + TIJ^2)^1/2 + DJ) / 2 + PE
    Total System Jitter     (TSJ):    0.050ns
    Total Input Jitter      (TIJ):    0.000ns
    Discrete Jitter          (DJ):    0.000ns
    Phase Error              (PE):    0.000ns

    Location             Delay type                Incr(ns)  Path(ns)    Netlist Resource(s)
  -------------------------------------------------------------------    -------------------
                         (clock sys_clk_pin rise edge)
                                                      0.000     0.000 r  
    W5                                                0.000     0.000 r  clk (IN)
                         net (fo=0)                   0.000     0.000    clk
    W5                   IBUF (Prop_ibuf_I_O)         0.226     0.226 r  clk_IBUF_inst/O
                         net (fo=1, routed)           0.631     0.858    clk_IBUF
    BUFGCTRL_X0Y0        BUFG (Prop_bufg_I_O)         0.026     0.884 r  clk_IBUF_BUFG_inst/O
                         net (fo=98, routed)          0.589     1.472    clk_IBUF_BUFG
    SLICE_X3Y17          FDRE                                         r  y_scan_reg[9]/C
  -------------------------------------------------------------------    -------------------
    SLICE_X3Y17          FDRE (Prop_fdre_C_Q)         0.128     1.600 f  y_scan_reg[9]/Q
                         net (fo=4, routed)           0.131     1.731    paddle_counter/vgaBlue[0]
    SLICE_X3Y16          LUT5 (Prop_lut5_I1_O)        0.099     1.830 r  paddle_counter/vgaRed_OBUF[3]_inst_i_1/O
                         net (fo=12, routed)          0.960     2.790    vgaBlue_OBUF[0]
    J19                  OBUF (Prop_obuf_I_O)         1.225     4.015 r  vgaRed_OBUF[2]_inst/O
                         net (fo=0)                   0.000     4.015    vgaRed[2]
    J19                                                               r  vgaRed[2] (OUT)
  -------------------------------------------------------------------    -------------------

Slack:                    inf
  Source:                 y_scan_reg[9]/C
                            (rising edge-triggered cell FDRE clocked by sys_clk_pin  {rise@0.000ns fall@5.000ns period=10.000ns})
  Destination:            vgaGreen[2]
                            (output port)
  Path Group:             (none)
  Path Type:              Min at Fast Process Corner
  Data Path Delay:        2.617ns  (logic 1.457ns (55.673%)  route 1.160ns (44.327%))
  Logic Levels:           2  (LUT5=1 OBUF=1)
  Clock Uncertainty:      0.025ns  ((TSJ^2 + TIJ^2)^1/2 + DJ) / 2 + PE
    Total System Jitter     (TSJ):    0.050ns
    Total Input Jitter      (TIJ):    0.000ns
    Discrete Jitter          (DJ):    0.000ns
    Phase Error              (PE):    0.000ns

    Location             Delay type                Incr(ns)  Path(ns)    Netlist Resource(s)
  -------------------------------------------------------------------    -------------------
                         (clock sys_clk_pin rise edge)
                                                      0.000     0.000 r  
    W5                                                0.000     0.000 r  clk (IN)
                         net (fo=0)                   0.000     0.000    clk
    W5                   IBUF (Prop_ibuf_I_O)         0.226     0.226 r  clk_IBUF_inst/O
                         net (fo=1, routed)           0.631     0.858    clk_IBUF
    BUFGCTRL_X0Y0        BUFG (Prop_bufg_I_O)         0.026     0.884 r  clk_IBUF_BUFG_inst/O
                         net (fo=98, routed)          0.589     1.472    clk_IBUF_BUFG
    SLICE_X3Y17          FDRE                                         r  y_scan_reg[9]/C
  -------------------------------------------------------------------    -------------------
    SLICE_X3Y17          FDRE (Prop_fdre_C_Q)         0.128     1.600 f  y_scan_reg[9]/Q
                         net (fo=4, routed)           0.131     1.731    paddle_counter/vgaBlue[0]
    SLICE_X3Y16          LUT5 (Prop_lut5_I1_O)        0.099     1.830 r  paddle_counter/vgaRed_OBUF[3]_inst_i_1/O
                         net (fo=12, routed)          1.029     2.859    vgaBlue_OBUF[0]
    G17                  OBUF (Prop_obuf_I_O)         1.230     4.089 r  vgaGreen_OBUF[2]_inst/O
                         net (fo=0)                   0.000     4.089    vgaGreen[2]
    G17                                                               r  vgaGreen[2] (OUT)
  -------------------------------------------------------------------    -------------------





--------------------------------------------------------------------------------------
Path Group:  (none)
From Clock:  
  To Clock:  sys_clk_pin

Max Delay             7 Endpoints
Min Delay             7 Endpoints
--------------------------------------------------------------------------------------


Max Delay Paths
--------------------------------------------------------------------------------------
Slack:                    inf
  Source:                 sw[3]
                            (input port)
  Destination:            paddle_counter/count_reg_reg[3]/D
                            (rising edge-triggered cell FDRE clocked by sys_clk_pin  {rise@0.000ns fall@5.000ns period=10.000ns})
  Path Group:             (none)
  Path Type:              Setup (Max at Slow Process Corner)
  Data Path Delay:        3.150ns  (logic 1.600ns (50.806%)  route 1.550ns (49.194%))
  Logic Levels:           2  (IBUF=1 LUT3=1)
  Clock Path Skew:        4.854ns (DCD - SCD + CPR)
    Destination Clock Delay (DCD):    4.854ns
    Source Clock Delay      (SCD):    0.000ns
    Clock Pessimism Removal (CPR):    0.000ns
  Clock Uncertainty:      0.025ns  ((TSJ^2 + TIJ^2)^1/2 + DJ) / 2 + PE
    Total System Jitter     (TSJ):    0.050ns
    Total Input Jitter      (TIJ):    0.000ns
    Discrete Jitter          (DJ):    0.000ns
    Phase Error              (PE):    0.000ns

    Location             Delay type                Incr(ns)  Path(ns)    Netlist Resource(s)
  -------------------------------------------------------------------    -------------------
    W17                                               0.000     0.000 r  sw[3] (IN)
                         net (fo=0)                   0.000     0.000    sw[3]
    W17                  IBUF (Prop_ibuf_I_O)         1.448     1.448 r  sw_IBUF[3]_inst/O
                         net (fo=1, routed)           1.550     2.998    load_button/sw_IBUF[3]
    SLICE_X3Y15          LUT3 (Prop_lut3_I0_O)        0.152     3.150 r  load_button/count_reg[3]_i_2/O
                         net (fo=1, routed)           0.000     3.150    paddle_counter/D[3]
    SLICE_X3Y15          FDRE                                         r  paddle_counter/count_reg_reg[3]/D
  -------------------------------------------------------------------    -------------------

                         (clock sys_clk_pin rise edge)
                                                      0.000     0.000 r  
    W5                                                0.000     0.000 r  clk (IN)
                         net (fo=0)                   0.000     0.000    clk
    W5                   IBUF (Prop_ibuf_I_O)         1.388     1.388 r  clk_IBUF_inst/O
                         net (fo=1, routed)           1.862     3.250    clk_IBUF
    BUFGCTRL_X0Y0        BUFG (Prop_bufg_I_O)         0.091     3.341 r  clk_IBUF_BUFG_inst/O
                         net (fo=98, routed)          1.513     4.854    paddle_counter/clk_IBUF_BUFG
    SLICE_X3Y15          FDRE                                         r  paddle_counter/count_reg_reg[3]/C

Slack:                    inf
  Source:                 sw[1]
                            (input port)
  Destination:            paddle_counter/count_reg_reg[1]/D
                            (rising edge-triggered cell FDRE clocked by sys_clk_pin  {rise@0.000ns fall@5.000ns period=10.000ns})
  Path Group:             (none)
  Path Type:              Setup (Max at Slow Process Corner)
  Data Path Delay:        3.110ns  (logic 1.613ns (51.882%)  route 1.496ns (48.118%))
  Logic Levels:           2  (IBUF=1 LUT3=1)
  Clock Path Skew:        4.855ns (DCD - SCD + CPR)
    Destination Clock Delay (DCD):    4.855ns
    Source Clock Delay      (SCD):    0.000ns
    Clock Pessimism Removal (CPR):    0.000ns
  Clock Uncertainty:      0.025ns  ((TSJ^2 + TIJ^2)^1/2 + DJ) / 2 + PE
    Total System Jitter     (TSJ):    0.050ns
    Total Input Jitter      (TIJ):    0.000ns
    Discrete Jitter          (DJ):    0.000ns
    Phase Error              (PE):    0.000ns

    Location             Delay type                Incr(ns)  Path(ns)    Netlist Resource(s)
  -------------------------------------------------------------------    -------------------
    V16                                               0.000     0.000 r  sw[1] (IN)
                         net (fo=0)                   0.000     0.000    sw[1]
    V16                  IBUF (Prop_ibuf_I_O)         1.461     1.461 r  sw_IBUF[1]_inst/O
                         net (fo=1, routed)           1.496     2.958    load_button/sw_IBUF[1]
    SLICE_X3Y14          LUT3 (Prop_lut3_I0_O)        0.152     3.110 r  load_button/count_reg[1]_i_1/O
                         net (fo=1, routed)           0.000     3.110    paddle_counter/D[1]
    SLICE_X3Y14          FDRE                                         r  paddle_counter/count_reg_reg[1]/D
  -------------------------------------------------------------------    -------------------

                         (clock sys_clk_pin rise edge)
                                                      0.000     0.000 r  
    W5                                                0.000     0.000 r  clk (IN)
                         net (fo=0)                   0.000     0.000    clk
    W5                   IBUF (Prop_ibuf_I_O)         1.388     1.388 r  clk_IBUF_inst/O
                         net (fo=1, routed)           1.862     3.250    clk_IBUF
    BUFGCTRL_X0Y0        BUFG (Prop_bufg_I_O)         0.091     3.341 r  clk_IBUF_BUFG_inst/O
                         net (fo=98, routed)          1.514     4.855    paddle_counter/clk_IBUF_BUFG
    SLICE_X3Y14          FDRE                                         r  paddle_counter/count_reg_reg[1]/C

Slack:                    inf
  Source:                 sw[0]
                            (input port)
  Destination:            paddle_counter/count_reg_reg[0]/D
                            (rising edge-triggered cell FDRE clocked by sys_clk_pin  {rise@0.000ns fall@5.000ns period=10.000ns})
  Path Group:             (none)
  Path Type:              Setup (Max at Slow Process Corner)
  Data Path Delay:        2.985ns  (logic 1.577ns (52.830%)  route 1.408ns (47.170%))
  Logic Levels:           2  (IBUF=1 LUT3=1)
  Clock Path Skew:        4.855ns (DCD - SCD + CPR)
    Destination Clock Delay (DCD):    4.855ns
    Source Clock Delay      (SCD):    0.000ns
    Clock Pessimism Removal (CPR):    0.000ns
  Clock Uncertainty:      0.025ns  ((TSJ^2 + TIJ^2)^1/2 + DJ) / 2 + PE
    Total System Jitter     (TSJ):    0.050ns
    Total Input Jitter      (TIJ):    0.000ns
    Discrete Jitter          (DJ):    0.000ns
    Phase Error              (PE):    0.000ns

    Location             Delay type                Incr(ns)  Path(ns)    Netlist Resource(s)
  -------------------------------------------------------------------    -------------------
    V17                                               0.000     0.000 r  sw[0] (IN)
                         net (fo=0)                   0.000     0.000    sw[0]
    V17                  IBUF (Prop_ibuf_I_O)         1.453     1.453 r  sw_IBUF[0]_inst/O
                         net (fo=1, routed)           1.408     2.861    load_button/sw_IBUF[0]
    SLICE_X3Y14          LUT3 (Prop_lut3_I0_O)        0.124     2.985 r  load_button/count_reg[0]_i_1/O
                         net (fo=1, routed)           0.000     2.985    paddle_counter/D[0]
    SLICE_X3Y14          FDRE                                         r  paddle_counter/count_reg_reg[0]/D
  -------------------------------------------------------------------    -------------------

                         (clock sys_clk_pin rise edge)
                                                      0.000     0.000 r  
    W5                                                0.000     0.000 r  clk (IN)
                         net (fo=0)                   0.000     0.000    clk
    W5                   IBUF (Prop_ibuf_I_O)         1.388     1.388 r  clk_IBUF_inst/O
                         net (fo=1, routed)           1.862     3.250    clk_IBUF
    BUFGCTRL_X0Y0        BUFG (Prop_bufg_I_O)         0.091     3.341 r  clk_IBUF_BUFG_inst/O
                         net (fo=98, routed)          1.514     4.855    paddle_counter/clk_IBUF_BUFG
    SLICE_X3Y14          FDRE                                         r  paddle_counter/count_reg_reg[0]/C

Slack:                    inf
  Source:                 sw[2]
                            (input port)
  Destination:            paddle_counter/count_reg_reg[2]/D
                            (rising edge-triggered cell FDRE clocked by sys_clk_pin  {rise@0.000ns fall@5.000ns period=10.000ns})
  Path Group:             (none)
  Path Type:              Setup (Max at Slow Process Corner)
  Data Path Delay:        2.835ns  (logic 1.588ns (56.007%)  route 1.247ns (43.993%))
  Logic Levels:           2  (IBUF=1 LUT3=1)
  Clock Path Skew:        4.854ns (DCD - SCD + CPR)
    Destination Clock Delay (DCD):    4.854ns
    Source Clock Delay      (SCD):    0.000ns
    Clock Pessimism Removal (CPR):    0.000ns
  Clock Uncertainty:      0.025ns  ((TSJ^2 + TIJ^2)^1/2 + DJ) / 2 + PE
    Total System Jitter     (TSJ):    0.050ns
    Total Input Jitter      (TIJ):    0.000ns
    Discrete Jitter          (DJ):    0.000ns
    Phase Error              (PE):    0.000ns

    Location             Delay type                Incr(ns)  Path(ns)    Netlist Resource(s)
  -------------------------------------------------------------------    -------------------
    W16                                               0.000     0.000 r  sw[2] (IN)
                         net (fo=0)                   0.000     0.000    sw[2]
    W16                  IBUF (Prop_ibuf_I_O)         1.464     1.464 r  sw_IBUF[2]_inst/O
                         net (fo=1, routed)           1.247     2.711    load_button/sw_IBUF[2]
    SLICE_X3Y15          LUT3 (Prop_lut3_I0_O)        0.124     2.835 r  load_button/count_reg[2]_i_1/O
                         net (fo=1, routed)           0.000     2.835    paddle_counter/D[2]
    SLICE_X3Y15          FDRE                                         r  paddle_counter/count_reg_reg[2]/D
  -------------------------------------------------------------------    -------------------

                         (clock sys_clk_pin rise edge)
                                                      0.000     0.000 r  
    W5                                                0.000     0.000 r  clk (IN)
                         net (fo=0)                   0.000     0.000    clk
    W5                   IBUF (Prop_ibuf_I_O)         1.388     1.388 r  clk_IBUF_inst/O
                         net (fo=1, routed)           1.862     3.250    clk_IBUF
    BUFGCTRL_X0Y0        BUFG (Prop_bufg_I_O)         0.091     3.341 r  clk_IBUF_BUFG_inst/O
                         net (fo=98, routed)          1.513     4.854    paddle_counter/clk_IBUF_BUFG
    SLICE_X3Y15          FDRE                                         r  paddle_counter/count_reg_reg[2]/C

Slack:                    inf
  Source:                 btnR
                            (input port)
  Destination:            right_button/sync_ff1_reg/D
                            (rising edge-triggered cell FDRE clocked by sys_clk_pin  {rise@0.000ns fall@5.000ns period=10.000ns})
  Path Group:             (none)
  Path Type:              Setup (Max at Slow Process Corner)
  Data Path Delay:        2.549ns  (logic 1.451ns (56.925%)  route 1.098ns (43.075%))
  Logic Levels:           1  (IBUF=1)
  Clock Path Skew:        4.849ns (DCD - SCD + CPR)
    Destination Clock Delay (DCD):    4.849ns
    Source Clock Delay      (SCD):    0.000ns
    Clock Pessimism Removal (CPR):    0.000ns
  Clock Uncertainty:      0.025ns  ((TSJ^2 + TIJ^2)^1/2 + DJ) / 2 + PE
    Total System Jitter     (TSJ):    0.050ns
    Total Input Jitter      (TIJ):    0.000ns
    Discrete Jitter          (DJ):    0.000ns
    Phase Error              (PE):    0.000ns

    Location             Delay type                Incr(ns)  Path(ns)    Netlist Resource(s)
  -------------------------------------------------------------------    -------------------
    T17                                               0.000     0.000 r  btnR (IN)
                         net (fo=0)                   0.000     0.000    btnR
    T17                  IBUF (Prop_ibuf_I_O)         1.451     1.451 r  btnR_IBUF_inst/O
                         net (fo=1, routed)           1.098     2.549    right_button/btnR_IBUF
    SLICE_X1Y20          FDRE                                         r  right_button/sync_ff1_reg/D
  -------------------------------------------------------------------    -------------------

                         (clock sys_clk_pin rise edge)
                                                      0.000     0.000 r  
    W5                                                0.000     0.000 r  clk (IN)
                         net (fo=0)                   0.000     0.000    clk
    W5                   IBUF (Prop_ibuf_I_O)         1.388     1.388 r  clk_IBUF_inst/O
                         net (fo=1, routed)           1.862     3.250    clk_IBUF
    BUFGCTRL_X0Y0        BUFG (Prop_bufg_I_O)         0.091     3.341 r  clk_IBUF_BUFG_inst/O
                         net (fo=98, routed)          1.508     4.849    right_button/clk_IBUF_BUFG
    SLICE_X1Y20          FDRE                                         r  right_button/sync_ff1_reg/C

Slack:                    inf
  Source:                 btnC
                            (input port)
  Destination:            load_button/sync_ff1_reg/D
                            (rising edge-triggered cell FDRE clocked by sys_clk_pin  {rise@0.000ns fall@5.000ns period=10.000ns})
  Path Group:             (none)
  Path Type:              Setup (Max at Slow Process Corner)
  Data Path Delay:        2.481ns  (logic 1.441ns (58.093%)  route 1.040ns (41.907%))
  Logic Levels:           1  (IBUF=1)
  Clock Path Skew:        4.854ns (DCD - SCD + CPR)
    Destination Clock Delay (DCD):    4.854ns
    Source Clock Delay      (SCD):    0.000ns
    Clock Pessimism Removal (CPR):    0.000ns
  Clock Uncertainty:      0.025ns  ((TSJ^2 + TIJ^2)^1/2 + DJ) / 2 + PE
    Total System Jitter     (TSJ):    0.050ns
    Total Input Jitter      (TIJ):    0.000ns
    Discrete Jitter          (DJ):    0.000ns
    Phase Error              (PE):    0.000ns

    Location             Delay type                Incr(ns)  Path(ns)    Netlist Resource(s)
  -------------------------------------------------------------------    -------------------
    U18                                               0.000     0.000 r  btnC (IN)
                         net (fo=0)                   0.000     0.000    btnC
    U18                  IBUF (Prop_ibuf_I_O)         1.441     1.441 r  btnC_IBUF_inst/O
                         net (fo=1, routed)           1.040     2.481    load_button/btnC_IBUF
    SLICE_X2Y15          FDRE                                         r  load_button/sync_ff1_reg/D
  -------------------------------------------------------------------    -------------------

                         (clock sys_clk_pin rise edge)
                                                      0.000     0.000 r  
    W5                                                0.000     0.000 r  clk (IN)
                         net (fo=0)                   0.000     0.000    clk
    W5                   IBUF (Prop_ibuf_I_O)         1.388     1.388 r  clk_IBUF_inst/O
                         net (fo=1, routed)           1.862     3.250    clk_IBUF
    BUFGCTRL_X0Y0        BUFG (Prop_bufg_I_O)         0.091     3.341 r  clk_IBUF_BUFG_inst/O
                         net (fo=98, routed)          1.513     4.854    load_button/clk_IBUF_BUFG
    SLICE_X2Y15          FDRE                                         r  load_button/sync_ff1_reg/C

Slack:                    inf
  Source:                 btnL
                            (input port)
  Destination:            left_button/sync_ff1_reg/D
                            (rising edge-triggered cell FDRE clocked by sys_clk_pin  {rise@0.000ns fall@5.000ns period=10.000ns})
  Path Group:             (none)
  Path Type:              Setup (Max at Slow Process Corner)
  Data Path Delay:        2.347ns  (logic 1.451ns (61.838%)  route 0.896ns (38.162%))
  Logic Levels:           1  (IBUF=1)
  Clock Path Skew:        4.850ns (DCD - SCD + CPR)
    Destination Clock Delay (DCD):    4.850ns
    Source Clock Delay      (SCD):    0.000ns
    Clock Pessimism Removal (CPR):    0.000ns
  Clock Uncertainty:      0.025ns  ((TSJ^2 + TIJ^2)^1/2 + DJ) / 2 + PE
    Total System Jitter     (TSJ):    0.050ns
    Total Input Jitter      (TIJ):    0.000ns
    Discrete Jitter          (DJ):    0.000ns
    Phase Error              (PE):    0.000ns

    Location             Delay type                Incr(ns)  Path(ns)    Netlist Resource(s)
  -------------------------------------------------------------------    -------------------
    W19                                               0.000     0.000 r  btnL (IN)
                         net (fo=0)                   0.000     0.000    btnL
    W19                  IBUF (Prop_ibuf_I_O)         1.451     1.451 r  btnL_IBUF_inst/O
                         net (fo=1, routed)           0.896     2.347    left_button/btnL_IBUF
    SLICE_X1Y18          FDRE                                         r  left_button/sync_ff1_reg/D
  -------------------------------------------------------------------    -------------------

                         (clock sys_clk_pin rise edge)
                                                      0.000     0.000 r  
    W5                                                0.000     0.000 r  clk (IN)
                         net (fo=0)                   0.000     0.000    clk
    W5                   IBUF (Prop_ibuf_I_O)         1.388     1.388 r  clk_IBUF_inst/O
                         net (fo=1, routed)           1.862     3.250    clk_IBUF
    BUFGCTRL_X0Y0        BUFG (Prop_bufg_I_O)         0.091     3.341 r  clk_IBUF_BUFG_inst/O
                         net (fo=98, routed)          1.509     4.850    left_button/clk_IBUF_BUFG
    SLICE_X1Y18          FDRE                                         r  left_button/sync_ff1_reg/C





Min Delay Paths
--------------------------------------------------------------------------------------
Slack:                    inf
  Source:                 btnL
                            (input port)
  Destination:            left_button/sync_ff1_reg/D
                            (rising edge-triggered cell FDRE clocked by sys_clk_pin  {rise@0.000ns fall@5.000ns period=10.000ns})
  Path Group:             (none)
  Path Type:              Hold (Min at Fast Process Corner)
  Data Path Delay:        0.569ns  (logic 0.219ns (38.556%)  route 0.350ns (61.444%))
  Logic Levels:           1  (IBUF=1)
  Clock Path Skew:        1.984ns (DCD - SCD - CPR)
    Destination Clock Delay (DCD):    1.984ns
    Source Clock Delay      (SCD):    0.000ns
    Clock Pessimism Removal (CPR):    -0.000ns

    Location             Delay type                Incr(ns)  Path(ns)    Netlist Resource(s)
  -------------------------------------------------------------------    -------------------
    W19                                               0.000     0.000 r  btnL (IN)
                         net (fo=0)                   0.000     0.000    btnL
    W19                  IBUF (Prop_ibuf_I_O)         0.219     0.219 r  btnL_IBUF_inst/O
                         net (fo=1, routed)           0.350     0.569    left_button/btnL_IBUF
    SLICE_X1Y18          FDRE                                         r  left_button/sync_ff1_reg/D
  -------------------------------------------------------------------    -------------------

                         (clock sys_clk_pin rise edge)
                                                      0.000     0.000 r  
    W5                                                0.000     0.000 r  clk (IN)
                         net (fo=0)                   0.000     0.000    clk
    W5                   IBUF (Prop_ibuf_I_O)         0.414     0.414 r  clk_IBUF_inst/O
                         net (fo=1, routed)           0.685     1.099    clk_IBUF
    BUFGCTRL_X0Y0        BUFG (Prop_bufg_I_O)         0.029     1.128 r  clk_IBUF_BUFG_inst/O
                         net (fo=98, routed)          0.857     1.984    left_button/clk_IBUF_BUFG
    SLICE_X1Y18          FDRE                                         r  left_button/sync_ff1_reg/C

Slack:                    inf
  Source:                 btnC
                            (input port)
  Destination:            load_button/sync_ff1_reg/D
                            (rising edge-triggered cell FDRE clocked by sys_clk_pin  {rise@0.000ns fall@5.000ns period=10.000ns})
  Path Group:             (none)
  Path Type:              Hold (Min at Fast Process Corner)
  Data Path Delay:        0.602ns  (logic 0.210ns (34.791%)  route 0.393ns (65.209%))
  Logic Levels:           1  (IBUF=1)
  Clock Path Skew:        1.987ns (DCD - SCD - CPR)
    Destination Clock Delay (DCD):    1.987ns
    Source Clock Delay      (SCD):    0.000ns
    Clock Pessimism Removal (CPR):    -0.000ns

    Location             Delay type                Incr(ns)  Path(ns)    Netlist Resource(s)
  -------------------------------------------------------------------    -------------------
    U18                                               0.000     0.000 r  btnC (IN)
                         net (fo=0)                   0.000     0.000    btnC
    U18                  IBUF (Prop_ibuf_I_O)         0.210     0.210 r  btnC_IBUF_inst/O
                         net (fo=1, routed)           0.393     0.602    load_button/btnC_IBUF
    SLICE_X2Y15          FDRE                                         r  load_button/sync_ff1_reg/D
  -------------------------------------------------------------------    -------------------

                         (clock sys_clk_pin rise edge)
                                                      0.000     0.000 r  
    W5                                                0.000     0.000 r  clk (IN)
                         net (fo=0)                   0.000     0.000    clk
    W5                   IBUF (Prop_ibuf_I_O)         0.414     0.414 r  clk_IBUF_inst/O
                         net (fo=1, routed)           0.685     1.099    clk_IBUF
    BUFGCTRL_X0Y0        BUFG (Prop_bufg_I_O)         0.029     1.128 r  clk_IBUF_BUFG_inst/O
                         net (fo=98, routed)          0.860     1.987    load_button/clk_IBUF_BUFG
    SLICE_X2Y15          FDRE                                         r  load_button/sync_ff1_reg/C

Slack:                    inf
  Source:                 btnR
                            (input port)
  Destination:            right_button/sync_ff1_reg/D
                            (rising edge-triggered cell FDRE clocked by sys_clk_pin  {rise@0.000ns fall@5.000ns period=10.000ns})
  Path Group:             (none)
  Path Type:              Hold (Min at Fast Process Corner)
  Data Path Delay:        0.645ns  (logic 0.219ns (33.977%)  route 0.426ns (66.023%))
  Logic Levels:           1  (IBUF=1)
  Clock Path Skew:        1.982ns (DCD - SCD - CPR)
    Destination Clock Delay (DCD):    1.982ns
    Source Clock Delay      (SCD):    0.000ns
    Clock Pessimism Removal (CPR):    -0.000ns

    Location             Delay type                Incr(ns)  Path(ns)    Netlist Resource(s)
  -------------------------------------------------------------------    -------------------
    T17                                               0.000     0.000 r  btnR (IN)
                         net (fo=0)                   0.000     0.000    btnR
    T17                  IBUF (Prop_ibuf_I_O)         0.219     0.219 r  btnR_IBUF_inst/O
                         net (fo=1, routed)           0.426     0.645    right_button/btnR_IBUF
    SLICE_X1Y20          FDRE                                         r  right_button/sync_ff1_reg/D
  -------------------------------------------------------------------    -------------------

                         (clock sys_clk_pin rise edge)
                                                      0.000     0.000 r  
    W5                                                0.000     0.000 r  clk (IN)
                         net (fo=0)                   0.000     0.000    clk
    W5                   IBUF (Prop_ibuf_I_O)         0.414     0.414 r  clk_IBUF_inst/O
                         net (fo=1, routed)           0.685     1.099    clk_IBUF
    BUFGCTRL_X0Y0        BUFG (Prop_bufg_I_O)         0.029     1.128 r  clk_IBUF_BUFG_inst/O
                         net (fo=98, routed)          0.855     1.982    right_button/clk_IBUF_BUFG
    SLICE_X1Y20          FDRE                                         r  right_button/sync_ff1_reg/C

Slack:                    inf
  Source:                 sw[2]
                            (input port)
  Destination:            paddle_counter/count_reg_reg[2]/D
                            (rising edge-triggered cell FDRE clocked by sys_clk_pin  {rise@0.000ns fall@5.000ns period=10.000ns})
  Path Group:             (none)
  Path Type:              Hold (Min at Fast Process Corner)
  Data Path Delay:        0.735ns  (logic 0.277ns (37.660%)  route 0.458ns (62.340%))
  Logic Levels:           2  (IBUF=1 LUT3=1)
  Clock Path Skew:        1.987ns (DCD - SCD - CPR)
    Destination Clock Delay (DCD):    1.987ns
    Source Clock Delay      (SCD):    0.000ns
    Clock Pessimism Removal (CPR):    -0.000ns

    Location             Delay type                Incr(ns)  Path(ns)    Netlist Resource(s)
  -------------------------------------------------------------------    -------------------
    W16                                               0.000     0.000 r  sw[2] (IN)
                         net (fo=0)                   0.000     0.000    sw[2]
    W16                  IBUF (Prop_ibuf_I_O)         0.232     0.232 r  sw_IBUF[2]_inst/O
                         net (fo=1, routed)           0.458     0.690    load_button/sw_IBUF[2]
    SLICE_X3Y15          LUT3 (Prop_lut3_I0_O)        0.045     0.735 r  load_button/count_reg[2]_i_1/O
                         net (fo=1, routed)           0.000     0.735    paddle_counter/D[2]
    SLICE_X3Y15          FDRE                                         r  paddle_counter/count_reg_reg[2]/D
  -------------------------------------------------------------------    -------------------

                         (clock sys_clk_pin rise edge)
                                                      0.000     0.000 r  
    W5                                                0.000     0.000 r  clk (IN)
                         net (fo=0)                   0.000     0.000    clk
    W5                   IBUF (Prop_ibuf_I_O)         0.414     0.414 r  clk_IBUF_inst/O
                         net (fo=1, routed)           0.685     1.099    clk_IBUF
    BUFGCTRL_X0Y0        BUFG (Prop_bufg_I_O)         0.029     1.128 r  clk_IBUF_BUFG_inst/O
                         net (fo=98, routed)          0.860     1.987    paddle_counter/clk_IBUF_BUFG
    SLICE_X3Y15          FDRE                                         r  paddle_counter/count_reg_reg[2]/C

Slack:                    inf
  Source:                 sw[0]
                            (input port)
  Destination:            paddle_counter/count_reg_reg[0]/D
                            (rising edge-triggered cell FDRE clocked by sys_clk_pin  {rise@0.000ns fall@5.000ns period=10.000ns})
  Path Group:             (none)
  Path Type:              Hold (Min at Fast Process Corner)
  Data Path Delay:        0.791ns  (logic 0.266ns (33.628%)  route 0.525ns (66.372%))
  Logic Levels:           2  (IBUF=1 LUT3=1)
  Clock Path Skew:        1.988ns (DCD - SCD - CPR)
    Destination Clock Delay (DCD):    1.988ns
    Source Clock Delay      (SCD):    0.000ns
    Clock Pessimism Removal (CPR):    -0.000ns

    Location             Delay type                Incr(ns)  Path(ns)    Netlist Resource(s)
  -------------------------------------------------------------------    -------------------
    V17                                               0.000     0.000 r  sw[0] (IN)
                         net (fo=0)                   0.000     0.000    sw[0]
    V17                  IBUF (Prop_ibuf_I_O)         0.221     0.221 r  sw_IBUF[0]_inst/O
                         net (fo=1, routed)           0.525     0.746    load_button/sw_IBUF[0]
    SLICE_X3Y14          LUT3 (Prop_lut3_I0_O)        0.045     0.791 r  load_button/count_reg[0]_i_1/O
                         net (fo=1, routed)           0.000     0.791    paddle_counter/D[0]
    SLICE_X3Y14          FDRE                                         r  paddle_counter/count_reg_reg[0]/D
  -------------------------------------------------------------------    -------------------

                         (clock sys_clk_pin rise edge)
                                                      0.000     0.000 r  
    W5                                                0.000     0.000 r  clk (IN)
                         net (fo=0)                   0.000     0.000    clk
    W5                   IBUF (Prop_ibuf_I_O)         0.414     0.414 r  clk_IBUF_inst/O
                         net (fo=1, routed)           0.685     1.099    clk_IBUF
    BUFGCTRL_X0Y0        BUFG (Prop_bufg_I_O)         0.029     1.128 r  clk_IBUF_BUFG_inst/O
                         net (fo=98, routed)          0.861     1.988    paddle_counter/clk_IBUF_BUFG
    SLICE_X3Y14          FDRE                                         r  paddle_counter/count_reg_reg[0]/C

Slack:                    inf
  Source:                 sw[1]
                            (input port)
  Destination:            paddle_counter/count_reg_reg[1]/D
                            (rising edge-triggered cell FDRE clocked by sys_clk_pin  {rise@0.000ns fall@5.000ns period=10.000ns})
  Path Group:             (none)
  Path Type:              Hold (Min at Fast Process Corner)
  Data Path Delay:        0.837ns  (logic 0.273ns (32.673%)  route 0.563ns (67.327%))
  Logic Levels:           2  (IBUF=1 LUT3=1)
  Clock Path Skew:        1.988ns (DCD - SCD - CPR)
    Destination Clock Delay (DCD):    1.988ns
    Source Clock Delay      (SCD):    0.000ns
    Clock Pessimism Removal (CPR):    -0.000ns

    Location             Delay type                Incr(ns)  Path(ns)    Netlist Resource(s)
  -------------------------------------------------------------------    -------------------
    V16                                               0.000     0.000 r  sw[1] (IN)
                         net (fo=0)                   0.000     0.000    sw[1]
    V16                  IBUF (Prop_ibuf_I_O)         0.229     0.229 r  sw_IBUF[1]_inst/O
                         net (fo=1, routed)           0.563     0.793    load_button/sw_IBUF[1]
    SLICE_X3Y14          LUT3 (Prop_lut3_I0_O)        0.044     0.837 r  load_button/count_reg[1]_i_1/O
                         net (fo=1, routed)           0.000     0.837    paddle_counter/D[1]
    SLICE_X3Y14          FDRE                                         r  paddle_counter/count_reg_reg[1]/D
  -------------------------------------------------------------------    -------------------

                         (clock sys_clk_pin rise edge)
                                                      0.000     0.000 r  
    W5                                                0.000     0.000 r  clk (IN)
                         net (fo=0)                   0.000     0.000    clk
    W5                   IBUF (Prop_ibuf_I_O)         0.414     0.414 r  clk_IBUF_inst/O
                         net (fo=1, routed)           0.685     1.099    clk_IBUF
    BUFGCTRL_X0Y0        BUFG (Prop_bufg_I_O)         0.029     1.128 r  clk_IBUF_BUFG_inst/O
                         net (fo=98, routed)          0.861     1.988    paddle_counter/clk_IBUF_BUFG
    SLICE_X3Y14          FDRE                                         r  paddle_counter/count_reg_reg[1]/C

Slack:                    inf
  Source:                 sw[3]
                            (input port)
  Destination:            paddle_counter/count_reg_reg[3]/D
                            (rising edge-triggered cell FDRE clocked by sys_clk_pin  {rise@0.000ns fall@5.000ns period=10.000ns})
  Path Group:             (none)
  Path Type:              Hold (Min at Fast Process Corner)
  Data Path Delay:        0.846ns  (logic 0.261ns (30.796%)  route 0.586ns (69.204%))
  Logic Levels:           2  (IBUF=1 LUT3=1)
  Clock Path Skew:        1.987ns (DCD - SCD - CPR)
    Destination Clock Delay (DCD):    1.987ns
    Source Clock Delay      (SCD):    0.000ns
    Clock Pessimism Removal (CPR):    -0.000ns

    Location             Delay type                Incr(ns)  Path(ns)    Netlist Resource(s)
  -------------------------------------------------------------------    -------------------
    W17                                               0.000     0.000 r  sw[3] (IN)
                         net (fo=0)                   0.000     0.000    sw[3]
    W17                  IBUF (Prop_ibuf_I_O)         0.217     0.217 r  sw_IBUF[3]_inst/O
                         net (fo=1, routed)           0.586     0.802    load_button/sw_IBUF[3]
    SLICE_X3Y15          LUT3 (Prop_lut3_I0_O)        0.044     0.846 r  load_button/count_reg[3]_i_2/O
                         net (fo=1, routed)           0.000     0.846    paddle_counter/D[3]
    SLICE_X3Y15          FDRE                                         r  paddle_counter/count_reg_reg[3]/D
  -------------------------------------------------------------------    -------------------

                         (clock sys_clk_pin rise edge)
                                                      0.000     0.000 r  
    W5                                                0.000     0.000 r  clk (IN)
                         net (fo=0)                   0.000     0.000    clk
    W5                   IBUF (Prop_ibuf_I_O)         0.414     0.414 r  clk_IBUF_inst/O
                         net (fo=1, routed)           0.685     1.099    clk_IBUF
    BUFGCTRL_X0Y0        BUFG (Prop_bufg_I_O)         0.029     1.128 r  clk_IBUF_BUFG_inst/O
                         net (fo=98, routed)          0.860     1.987    paddle_counter/clk_IBUF_BUFG
    SLICE_X3Y15          FDRE                                         r  paddle_counter/count_reg_reg[3]/C





